train,station,time,day,weather,crowd
CSMT_FAST,Byculla,14:30,THURSDAY,RAIN,LOW
CSMT_FAST,Dadar,09:30,FRIDAY,CLEAR,HIGH
CSMT_SLOW,Kurla,08:15,TUESDAY,CLEAR,HIGH
CSMT_FAST,Dombivli,18:30,SATURDAY,CLEAR,HIGH
CSMT_SLOW,Vashi,16:45,THURSDAY,RAIN,HIGH
CSMT_FAST,Byculla,11:15,TUESDAY,RAIN,HIGH
CSMT_SLOW,CSMT,10:45,WEDNESDAY,CLOUDY,HIGH
CSMT_FAST,Kanjurmarg,10:30,WEDNESDAY,CLOUDY,HIGH
CSMT_SLOW,Ghatkopar,21:00,THURSDAY,CLOUDY,MEDIUM
CSMT_FAST,Virar,06:30,WEDNESDAY,CLEAR,MEDIUM
CSMT_SLOW,Kanjurmarg,19:00,FRIDAY,CLOUDY,HIGH
CSMT_FAST,Andheri,18:45,SATURDAY,CLOUDY,HIGH
CSMT_FAST,Mulund,21:45,FRIDAY,CLOUDY,MEDIUM
CSMT_FAST,Byculla,18:45,SUNDAY,CLOUDY,HIGH
CSMT_FAST,Bandra,20:45,MONDAY,CLOUDY,LOW
CSMT_FAST,Kurla,21:15,TUESDAY,RAIN,MEDIUM
CSMT_FAST,Bandra,06:45,TUESDAY,CLEAR,MEDIUM
CSMT_SLOW,Mulund,07:30,FRIDAY,CLEAR,HIGH
CSMT_SLOW,Virar,13:45,FRIDAY,CLEAR,MEDIUM
CSMT_FAST,Dadar,12:00,SUNDAY,CLEAR,LOW
CSMT_FAST,Bhandup,05:15,SUNDAY,CLOUDY,LOW
CSMT_SLOW,Nerul,15:15,THURSDAY,CLOUDY,MEDIUM
CSMT_FAST,Virar,20:00,SUNDAY,RAIN,LOW
CSMT_FAST,Mulund,13:15,MONDAY,CLEAR,HIGH
CSMT_SLOW,Kurla,09:00,SUNDAY,RAIN,HIGH
CSMT_FAST,Kalyan,22:30,WEDNESDAY,RAIN,MEDIUM
CSMT_SLOW,Panvel,12:00,THURSDAY,RAIN,HIGH
CSMT_SLOW,Kurla,09:00,SUNDAY,CLOUDY,HIGH
CSMT_FAST,Panvel,22:15,TUESDAY,RAIN,MEDIUM
CSMT_FAST,Bandra,19:45,MONDAY,CLEAR,HIGH
CSMT_FAST,Ghatkopar,10:00,TUESDAY,CLEAR,LOW
CSMT_FAST,Kalyan,12:45,SATURDAY,RAIN,LOW
CSMT_FAST,CSMT,23:45,TUESDAY,CLOUDY,LOW
CSMT_FAST,Borivali,23:15,WEDNESDAY,CLEAR,HIGH
CSMT_FAST,Ghatkopar,08:30,THURSDAY,RAIN,HIGH
CSMT_SLOW,Dadar,12:45,TUESDAY,CLOUDY,MEDIUM
CSMT_SLOW,Byculla,22:45,FRIDAY,CLEAR,MEDIUM
CSMT_SLOW,Nerul,18:45,WEDNESDAY,CLEAR,HIGH
CSMT_FAST,Vikhroli,13:30,MONDAY,RAIN,HIGH
CSMT_SLOW,Mulund,22:15,SUNDAY,CLOUDY,LOW
CSMT_FAST,Nerul,17:45,WEDNESDAY,CLOUDY,HIGH
CSMT_FAST,Kalyan,07:00,MONDAY,RAIN,HIGH
CSMT_SLOW,Virar,11:45,MONDAY,RAIN,MEDIUM
CSMT_FAST,Thane,12:30,WEDNESDAY,RAIN,LOW
CSMT_FAST,Vashi,07:30,SUNDAY,RAIN,HIGH
CSMT_FAST,Byculla,08:30,WEDNESDAY,CLOUDY,HIGH
CSMT_FAST,Bandra,11:00,MONDAY,RAIN,HIGH
CSMT_SLOW,Dadar,16:45,TUESDAY,CLEAR,MEDIUM
CSMT_FAST,Virar,08:15,MONDAY,RAIN,HIGH
CSMT_FAST,Vikhroli,09:30,FRIDAY,CLEAR,HIGH
CSMT_FAST,Kurla,11:00,SATURDAY,RAIN,LOW
CSMT_FAST,Dadar,15:00,WEDNESDAY,CLEAR,LOW
CSMT_SLOW,Vashi,05:00,FRIDAY,CLOUDY,HIGH
CSMT_SLOW,Bhandup,09:45,SUNDAY,CLEAR,HIGH
CSMT_SLOW,Dadar,17:30,FRIDAY,CLOUDY,HIGH
CSMT_FAST,Byculla,18:00,FRIDAY,CLEAR,HIGH
CSMT_FAST,Dadar,23:45,MONDAY,RAIN,HIGH
CSMT_FAST,Nerul,13:30,WEDNESDAY,CLOUDY,HIGH
CSMT_SLOW,Kurla,14:00,THURSDAY,CLOUDY,LOW
CSMT_FAST,Kanjurmarg,12:45,MONDAY,CLEAR,LOW
CSMT_SLOW,Bandra,06:45,FRIDAY,CLEAR,LOW
CSMT_FAST,Thane,10:30,SUNDAY,CLOUDY,LOW
CSMT_SLOW,Bhandup,08:00,WEDNESDAY,CLEAR,HIGH
CSMT_SLOW,Virar,18:45,WEDNESDAY,RAIN,HIGH
CSMT_SLOW,Ghatkopar,16:00,SATURDAY,RAIN,LOW
CSMT_FAST,Byculla,11:30,WEDNESDAY,CLEAR,LOW
CSMT_SLOW,Virar,15:45,SUNDAY,CLEAR,LOW
CSMT_SLOW,Kurla,07:00,TUESDAY,RAIN,HIGH
CSMT_FAST,Kalyan,11:15,FRIDAY,CLEAR,HIGH
CSMT_FAST,Vikhroli,08:00,THURSDAY,RAIN,HIGH
CSMT_FAST,CSMT,21:00,SATURDAY,CLOUDY,LOW
CSMT_FAST,Kanjurmarg,07:00,TUESDAY,CLOUDY,HIGH
CSMT_FAST,CSMT,09:00,SATURDAY,CLEAR,HIGH
CSMT_FAST,Thane,20:30,MONDAY,CLEAR,LOW
CSMT_FAST,Kanjurmarg,09:15,SUNDAY,RAIN,HIGH
CSMT_FAST,Thane,22:30,THURSDAY,CLOUDY,HIGH
CSMT_SLOW,Kurla,07:45,MONDAY,CLEAR,HIGH
CSMT_FAST,Thane,08:30,THURSDAY,CLEAR,HIGH
CSMT_FAST,Ghatkopar,05:15,THURSDAY,CLOUDY,LOW
CSMT_FAST,Borivali,12:15,SATURDAY,RAIN,LOW
CSMT_SLOW,Virar,23:00,FRIDAY,CLEAR,HIGH
CSMT_FAST,Nerul,08:00,MONDAY,CLEAR,HIGH
CSMT_FAST,Kalyan,21:00,FRIDAY,CLEAR,LOW
CSMT_SLOW,Kanjurmarg,23:45,SUNDAY,RAIN,LOW
CSMT_FAST,Mulund,18:00,MONDAY,CLOUDY,HIGH
CSMT_FAST,Bhandup,22:45,WEDNESDAY,CLEAR,MEDIUM
CSMT_SLOW,Nerul,20:00,SUNDAY,RAIN,LOW
CSMT_SLOW,Andheri,20:30,MONDAY,CLOUDY,MEDIUM
CSMT_FAST,CSMT,17:15,SATURDAY,CLOUDY,HIGH
CSMT_FAST,Kalyan,13:30,WEDNESDAY,CLEAR,HIGH
CSMT_SLOW,Kalyan,17:45,FRIDAY,RAIN,HIGH
CSMT_SLOW,Kalyan,05:00,SUNDAY,RAIN,LOW
CSMT_FAST,Vikhroli,17:15,THURSDAY,CLEAR,HIGH
CSMT_SLOW,Borivali,23:15,SUNDAY,CLOUDY,LOW
CSMT_FAST,Dombivli,16:30,THURSDAY,CLOUDY,MEDIUM
CSMT_SLOW,Panvel,22:00,MONDAY,CLOUDY,LOW
CSMT_SLOW,Kalyan,21:30,WEDNESDAY,RAIN,LOW
CSMT_FAST,Borivali,13:45,WEDNESDAY,CLEAR,MEDIUM
CSMT_FAST,Vikhroli,12:45,TUESDAY,CLEAR,HIGH
CSMT_SLOW,Panvel,05:15,TUESDAY,RAIN,HIGH
CSMT_SLOW,Kalyan,23:45,THURSDAY,CLEAR,HIGH
CSMT_FAST,Bhandup,20:45,WEDNESDAY,CLOUDY,MEDIUM
CSMT_FAST,Dadar,21:30,WEDNESDAY,CLEAR,MEDIUM
CSMT_SLOW,Dombivli,14:45,SUNDAY,CLOUDY,LOW
CSMT_FAST,Andheri,06:15,SATURDAY,CLEAR,LOW
CSMT_SLOW,Vashi,09:00,TUESDAY,CLEAR,HIGH
CSMT_FAST,Thane,10:30,SATURDAY,CLOUDY,LOW
CSMT_FAST,Byculla,07:30,MONDAY,RAIN,HIGH
CSMT_SLOW,Vashi,18:45,SUNDAY,CLEAR,HIGH
CSMT_SLOW,Thane,08:15,MONDAY,CLEAR,HIGH
CSMT_SLOW,Borivali,19:00,SATURDAY,RAIN,HIGH
CSMT_FAST,Thane,20:00,SUNDAY,CLEAR,LOW
CSMT_FAST,Byculla,20:45,MONDAY,RAIN,LOW
CSMT_SLOW,Nerul,08:00,SATURDAY,CLOUDY,HIGH
CSMT_SLOW,Kalyan,22:45,SATURDAY,RAIN,LOW
CSMT_SLOW,Dombivli,14:30,THURSDAY,CLEAR,HIGH
CSMT_SLOW,Panvel,10:15,SUNDAY,CLOUDY,LOW
CSMT_SLOW,Panvel,23:45,THURSDAY,RAIN,MEDIUM
CSMT_FAST,Byculla,14:45,SUNDAY,CLEAR,LOW
CSMT_FAST,Borivali,12:45,FRIDAY,RAIN,HIGH
CSMT_SLOW,Kalyan,21:00,WEDNESDAY,CLEAR,MEDIUM
CSMT_FAST,Kurla,19:30,WEDNESDAY,CLEAR,HIGH
CSMT_SLOW,Bhandup,19:00,MONDAY,RAIN,HIGH
CSMT_SLOW,Thane,18:00,SATURDAY,CLEAR,HIGH
CSMT_SLOW,Thane,22:30,FRIDAY,CLEAR,MEDIUM
CSMT_SLOW,Kurla,20:45,SUNDAY,CLOUDY,LOW
CSMT_SLOW,Virar,11:45,WEDNESDAY,CLOUDY,MEDIUM
CSMT_SLOW,Mulund,06:30,MONDAY,CLEAR,LOW
CSMT_SLOW,Bhandup,05:00,FRIDAY,CLOUDY,LOW
CSMT_FAST,Virar,05:30,MONDAY,CLEAR,LOW
CSMT_FAST,Nerul,14:45,TUESDAY,RAIN,LOW
CSMT_SLOW,CSMT,21:15,SUNDAY,CLOUDY,LOW
CSMT_SLOW,Thane,18:30,SUNDAY,CLOUDY,HIGH
CSMT_SLOW,Kalyan,12:15,WEDNESDAY,CLOUDY,MEDIUM
CSMT_SLOW,Vikhroli,12:30,SUNDAY,CLOUDY,LOW
CSMT_FAST,Dombivli,09:00,WEDNESDAY,CLEAR,HIGH
CSMT_FAST,CSMT,14:15,TUESDAY,CLEAR,MEDIUM
CSMT_SLOW,Ghatkopar,12:30,SATURDAY,RAIN,LOW
CSMT_SLOW,Ghatkopar,16:15,WEDNESDAY,CLEAR,LOW
CSMT_SLOW,Panvel,06:15,TUESDAY,CLEAR,HIGH
CSMT_SLOW,Mulund,22:15,MONDAY,CLOUDY,MEDIUM
CSMT_FAST,Borivali,11:15,SATURDAY,CLEAR,LOW
CSMT_SLOW,Andheri,10:30,MONDAY,CLOUDY,LOW
CSMT_SLOW,Vashi,18:00,SUNDAY,CLEAR,HIGH
CSMT_SLOW,Virar,14:00,SUNDAY,CLEAR,LOW
CSMT_SLOW,CSMT,05:00,THURSDAY,CLOUDY,HIGH
CSMT_FAST,Ghatkopar,11:45,FRIDAY,CLOUDY,MEDIUM
CSMT_FAST,Kanjurmarg,08:00,MONDAY,RAIN,HIGH
CSMT_FAST,Virar,12:30,THURSDAY,CLOUDY,HIGH
CSMT_SLOW,Andheri,09:30,TUESDAY,CLEAR,HIGH
CSMT_FAST,Virar,12:45,MONDAY,CLEAR,LOW
CSMT_SLOW,Bandra,11:30,SUNDAY,CLOUDY,LOW
CSMT_FAST,Vashi,22:00,SATURDAY,CLOUDY,LOW
CSMT_SLOW,Thane,11:00,MONDAY,RAIN,HIGH
CSMT_SLOW,Vashi,18:00,WEDNESDAY,CLOUDY,HIGH
CSMT_SLOW,Panvel,09:00,SUNDAY,CLOUDY,HIGH
CSMT_FAST,Vashi,10:30,THURSDAY,CLOUDY,MEDIUM
CSMT_SLOW,Nerul,15:00,THURSDAY,RAIN,HIGH
CSMT_FAST,Kanjurmarg,05:45,FRIDAY,CLOUDY,MEDIUM
CSMT_SLOW,Kurla,17:00,SATURDAY,CLOUDY,HIGH
CSMT_SLOW,Panvel,21:15,SATURDAY,RAIN,LOW
CSMT_FAST,Kanjurmarg,13:30,FRIDAY,CLOUDY,MEDIUM
CSMT_SLOW,Bandra,19:00,FRIDAY,CLOUDY,HIGH
CSMT_SLOW,Vashi,05:15,SATURDAY,CLOUDY,LOW
CSMT_SLOW,Kalyan,06:15,FRIDAY,RAIN,HIGH
CSMT_SLOW,Virar,07:15,TUESDAY,RAIN,HIGH
CSMT_SLOW,Bhandup,12:30,MONDAY,RAIN,LOW
CSMT_FAST,Andheri,16:00,SUNDAY,RAIN,LOW
CSMT_FAST,Bhandup,10:45,MONDAY,CLEAR,MEDIUM
CSMT_FAST,Byculla,09:00,THURSDAY,CLOUDY,HIGH
CSMT_FAST,Dombivli,21:15,SUNDAY,CLOUDY,LOW
CSMT_FAST,Kanjurmarg,16:15,WEDNESDAY,CLEAR,LOW
CSMT_SLOW,Thane,22:30,SATURDAY,CLOUDY,LOW
CSMT_SLOW,Kalyan,19:15,SATURDAY,RAIN,HIGH
CSMT_SLOW,Mulund,14:15,SUNDAY,CLEAR,LOW
CSMT_FAST,Nerul,21:30,TUESDAY,CLEAR,HIGH
CSMT_FAST,Panvel,23:45,SUNDAY,RAIN,LOW
CSMT_SLOW,Vikhroli,06:45,TUESDAY,CLEAR,LOW
CSMT_SLOW,Byculla,21:00,TUESDAY,RAIN,HIGH
CSMT_FAST,Vikhroli,06:00,TUESDAY,CLOUDY,MEDIUM
CSMT_FAST,Dombivli,21:00,SUNDAY,CLEAR,LOW
CSMT_SLOW,Virar,07:00,FRIDAY,CLEAR,HIGH
CSMT_FAST,Dombivli,21:15,FRIDAY,CLEAR,MEDIUM
CSMT_FAST,Kalyan,18:45,THURSDAY,CLEAR,HIGH
CSMT_FAST,Nerul,14:45,TUESDAY,RAIN,MEDIUM
CSMT_FAST,Vashi,11:30,TUESDAY,CLOUDY,HIGH
CSMT_FAST,Virar,21:30,SUNDAY,CLEAR,LOW
CSMT_SLOW,Vikhroli,12:30,MONDAY,CLEAR,LOW
CSMT_SLOW,CSMT,11:00,MONDAY,CLEAR,MEDIUM
CSMT_FAST,Dombivli,20:15,SATURDAY,RAIN,LOW
CSMT_SLOW,Bhandup,18:15,THURSDAY,CLEAR,HIGH
CSMT_FAST,Byculla,15:30,SUNDAY,CLEAR,LOW
CSMT_SLOW,Virar,12:30,THURSDAY,RAIN,MEDIUM
CSMT_FAST,Ghatkopar,19:30,THURSDAY,CLOUDY,HIGH
CSMT_SLOW,Virar,06:30,SUNDAY,CLEAR,LOW
CSMT_FAST,Andheri,10:45,SATURDAY,RAIN,LOW
CSMT_FAST,Vashi,14:45,MONDAY,CLOUDY,MEDIUM
CSMT_SLOW,Virar,19:15,SUNDAY,RAIN,HIGH
CSMT_SLOW,Vikhroli,13:15,TUESDAY,CLOUDY,HIGH
CSMT_SLOW,Vikhroli,14:45,SATURDAY,CLEAR,LOW
CSMT_SLOW,CSMT,14:45,WEDNESDAY,RAIN,MEDIUM
CSMT_FAST,Kurla,20:30,THURSDAY,RAIN,LOW
CSMT_FAST,Bandra,05:45,WEDNESDAY,CLOUDY,MEDIUM
CSMT_SLOW,Virar,05:15,WEDNESDAY,CLOUDY,LOW
CSMT_SLOW,Kurla,14:15,THURSDAY,CLOUDY,HIGH
CSMT_SLOW,Kalyan,21:30,THURSDAY,CLOUDY,MEDIUM
CSMT_SLOW,Bandra,18:15,MONDAY,CLEAR,HIGH
CSMT_SLOW,Dombivli,23:15,TUESDAY,RAIN,LOW
CSMT_SLOW,Nerul,17:45,SATURDAY,CLEAR,HIGH
CSMT_SLOW,Kurla,08:45,THURSDAY,CLEAR,HIGH
CSMT_SLOW,Bhandup,11:45,SUNDAY,RAIN,LOW
CSMT_SLOW,Bandra,13:45,SUNDAY,RAIN,LOW
CSMT_SLOW,Dadar,07:30,SUNDAY,CLOUDY,HIGH
CSMT_FAST,Thane,16:00,FRIDAY,CLEAR,LOW
CSMT_SLOW,Dadar,08:30,WEDNESDAY,CLEAR,HIGH
CSMT_FAST,Kanjurmarg,12:15,THURSDAY,CLOUDY,HIGH
CSMT_FAST,Dombivli,10:00,SATURDAY,CLOUDY,LOW
CSMT_FAST,Ghatkopar,20:00,MONDAY,RAIN,HIGH
CSMT_FAST,Dombivli,16:00,WEDNESDAY,RAIN,HIGH
CSMT_FAST,Kanjurmarg,19:15,SATURDAY,CLOUDY,HIGH
CSMT_SLOW,Ghatkopar,20:30,WEDNESDAY,CLOUDY,HIGH
CSMT_FAST,Mulund,21:00,THURSDAY,CLOUDY,HIGH
CSMT_FAST,Borivali,23:15,SUNDAY,CLEAR,LOW
CSMT_FAST,Bandra,19:15,SUNDAY,RAIN,HIGH
CSMT_FAST,Virar,22:30,SATURDAY,RAIN,LOW
CSMT_SLOW,Vashi,15:30,MONDAY,RAIN,HIGH
CSMT_FAST,Bandra,21:00,FRIDAY,RAIN,HIGH
CSMT_SLOW,Byculla,05:30,MONDAY,CLOUDY,LOW
CSMT_FAST,Virar,07:00,FRIDAY,RAIN,HIGH
CSMT_FAST,Kanjurmarg,12:45,SUNDAY,RAIN,LOW
CSMT_FAST,Virar,05:15,THURSDAY,CLEAR,MEDIUM
CSMT_SLOW,Dadar,06:30,TUESDAY,RAIN,HIGH
CSMT_SLOW,Dadar,13:45,WEDNESDAY,RAIN,MEDIUM
CSMT_SLOW,Dadar,11:15,WEDNESDAY,RAIN,LOW
CSMT_SLOW,Dombivli,22:30,TUESDAY,RAIN,HIGH
CSMT_SLOW,Panvel,16:45,FRIDAY,CLEAR,MEDIUM
CSMT_FAST,Byculla,13:45,TUESDAY,RAIN,LOW
CSMT_FAST,Byculla,13:15,SATURDAY,CLEAR,LOW
CSMT_SLOW,Ghatkopar,23:45,TUESDAY,RAIN,LOW
CSMT_FAST,Vikhroli,14:00,SUNDAY,CLEAR,LOW
CSMT_FAST,Thane,10:15,TUESDAY,RAIN,LOW
CSMT_FAST,Kalyan,09:45,MONDAY,RAIN,HIGH
CSMT_FAST,Virar,16:30,MONDAY,CLOUDY,HIGH
CSMT_SLOW,Vashi,12:30,THURSDAY,CLOUDY,HIGH
CSMT_SLOW,Kanjurmarg,14:15,TUESDAY,RAIN,HIGH
CSMT_FAST,Thane,22:30,FRIDAY,CLEAR,LOW
CSMT_FAST,Dombivli,13:15,TUESDAY,CLEAR,HIGH
CSMT_SLOW,Bhandup,11:15,WEDNESDAY,CLOUDY,HIGH
CSMT_FAST,Virar,17:30,MONDAY,CLEAR,HIGH
CSMT_FAST,Bhandup,09:30,SATURDAY,RAIN,HIGH
CSMT_SLOW,Panvel,13:00,SUNDAY,CLOUDY,LOW
CSMT_SLOW,Mulund,15:30,SUNDAY,CLEAR,LOW
CSMT_FAST,Kurla,13:00,THURSDAY,CLEAR,LOW
CSMT_FAST,Nerul,08:30,FRIDAY,CLOUDY,HIGH
CSMT_FAST,Bandra,07:30,THURSDAY,RAIN,HIGH
CSMT_FAST,Vikhroli,19:15,TUESDAY,CLOUDY,HIGH
CSMT_FAST,Byculla,22:00,WEDNESDAY,CLEAR,HIGH
CSMT_FAST,Andheri,16:45,THURSDAY,RAIN,MEDIUM
CSMT_FAST,Kalyan,18:15,FRIDAY,RAIN,HIGH
CSMT_SLOW,Kalyan,10:45,TUESDAY,CLOUDY,MEDIUM
CSMT_SLOW,Vashi,16:15,THURSDAY,RAIN,MEDIUM
CSMT_SLOW,Bandra,17:45,FRIDAY,CLOUDY,HIGH
CSMT_FAST,Bhandup,23:45,WEDNESDAY,CLOUDY,HIGH
CSMT_SLOW,Dadar,21:15,THURSDAY,RAIN,MEDIUM
CSMT_SLOW,Byculla,22:00,THURSDAY,CLEAR,MEDIUM
CSMT_FAST,Byculla,11:30,SATURDAY,CLEAR,LOW
CSMT_FAST,Bhandup,05:15,THURSDAY,CLOUDY,HIGH
CSMT_FAST,Dadar,22:15,THURSDAY,CLOUDY,MEDIUM
CSMT_FAST,Kurla,09:00,THURSDAY,RAIN,HIGH
CSMT_SLOW,Andheri,09:45,TUESDAY,CLEAR,HIGH
CSMT_SLOW,Ghatkopar,22:45,SUNDAY,RAIN,LOW
CSMT_FAST,Dadar,17:30,FRIDAY,RAIN,HIGH
CSMT_SLOW,Ghatkopar,20:15,SUNDAY,CLOUDY,LOW
CSMT_FAST,Virar,15:15,MONDAY,CLOUDY,LOW
CSMT_FAST,Byculla,16:15,THURSDAY,RAIN,MEDIUM
CSMT_SLOW,Thane,12:00,MONDAY,CLOUDY,HIGH
CSMT_FAST,Dadar,21:30,SUNDAY,CLOUDY,LOW
CSMT_FAST,Bandra,21:00,THURSDAY,RAIN,HIGH
CSMT_SLOW,Kurla,12:15,SATURDAY,RAIN,LOW
CSMT_SLOW,Dombivli,09:15,WEDNESDAY,CLEAR,HIGH
CSMT_SLOW,Vikhroli,20:00,SATURDAY,CLEAR,LOW
CSMT_FAST,Dombivli,08:15,THURSDAY,CLEAR,HIGH
CSMT_FAST,Mulund,07:00,THURSDAY,CLEAR,HIGH
CSMT_SLOW,Nerul,15:00,MONDAY,CLEAR,LOW
CSMT_SLOW,Nerul,10:45,SUNDAY,CLOUDY,LOW
CSMT_FAST,Nerul,22:30,WEDNESDAY,RAIN,MEDIUM
CSMT_SLOW,Dombivli,08:45,FRIDAY,RAIN,HIGH
CSMT_SLOW,Thane,23:15,WEDNESDAY,CLOUDY,HIGH
CSMT_FAST,Panvel,10:00,WEDNESDAY,RAIN,MEDIUM
CSMT_FAST,Dadar,06:30,MONDAY,CLEAR,LOW
CSMT_FAST,Vashi,10:15,FRIDAY,RAIN,LOW
CSMT_FAST,Byculla,15:00,TUESDAY,RAIN,MEDIUM
CSMT_FAST,Kurla,10:45,WEDNESDAY,CLEAR,LOW
CSMT_FAST,Thane,19:00,SUNDAY,RAIN,HIGH
CSMT_FAST,Vashi,23:00,SATURDAY,CLOUDY,LOW
CSMT_FAST,Vikhroli,20:45,SUNDAY,CLOUDY,LOW
CSMT_FAST,Mulund,09:30,SATURDAY,RAIN,HIGH
CSMT_FAST,Dombivli,19:30,WEDNESDAY,CLOUDY,HIGH
CSMT_SLOW,Bhandup,19:30,MONDAY,CLEAR,HIGH
CSMT_SLOW,Byculla,19:30,SATURDAY,CLEAR,HIGH
CSMT_FAST,Kanjurmarg,09:00,TUESDAY,RAIN,HIGH
CSMT_FAST,Mulund,09:30,SUNDAY,CLEAR,HIGH
CSMT_SLOW,Mulund,12:30,TUESDAY,CLEAR,HIGH
CSMT_SLOW,Ghatkopar,14:00,TUESDAY,CLEAR,MEDIUM
CSMT_SLOW,Bandra,18:15,THURSDAY,RAIN,HIGH
CSMT_SLOW,Kurla,05:45,WEDNESDAY,CLOUDY,LOW
CSMT_FAST,Virar,09:30,TUESDAY,CLEAR,HIGH
CSMT_SLOW,Borivali,11:15,SUNDAY,CLOUDY,LOW
CSMT_SLOW,Dadar,20:45,MONDAY,CLOUDY,HIGH
CSMT_FAST,Vikhroli,06:45,TUESDAY,CLEAR,MEDIUM
CSMT_SLOW,Borivali,15:30,SATURDAY,CLOUDY,LOW
CSMT_FAST,Andheri,23:30,WEDNESDAY,RAIN,HIGH
CSMT_SLOW,Borivali,08:30,FRIDAY,RAIN,HIGH
CSMT_FAST,Ghatkopar,08:45,SATURDAY,CLEAR,HIGH
CSMT_SLOW,Vikhroli,19:45,THURSDAY,RAIN,HIGH
CSMT_FAST,Borivali,11:00,FRIDAY,CLEAR,MEDIUM
CSMT_FAST,Byculla,21:00,THURSDAY,CLOUDY,HIGH
CSMT_FAST,Byculla,21:15,MONDAY,CLOUDY,HIGH
CSMT_FAST,Byculla,08:30,MONDAY,CLEAR,HIGH
CSMT_FAST,Panvel,11:15,THURSDAY,RAIN,MEDIUM
CSMT_FAST,Panvel,11:00,SUNDAY,CLOUDY,LOW
CSMT_SLOW,Kurla,19:00,TUESDAY,CLEAR,HIGH
CSMT_SLOW,Thane,20:45,SATURDAY,CLOUDY,LOW
CSMT_FAST,Vashi,19:45,WEDNESDAY,CLOUDY,HIGH
CSMT_SLOW,Bhandup,13:15,THURSDAY,RAIN,LOW
CSMT_FAST,Panvel,23:45,WEDNESDAY,CLEAR,LOW
CSMT_SLOW,Nerul,12:30,WEDNESDAY,CLEAR,MEDIUM
CSMT_FAST,Thane,17:30,FRIDAY,CLOUDY,HIGH
CSMT_FAST,Dombivli,11:15,SATURDAY,CLOUDY,LOW
CSMT_FAST,Bhandup,05:30,TUESDAY,CLOUDY,LOW
CSMT_FAST,Virar,06:15,MONDAY,RAIN,MEDIUM
CSMT_FAST,Bhandup,22:00,WEDNESDAY,CLOUDY,MEDIUM
CSMT_FAST,Panvel,18:45,WEDNESDAY,RAIN,HIGH
CSMT_SLOW,Nerul,14:15,MONDAY,CLEAR,HIGH
CSMT_SLOW,Virar,11:15,FRIDAY,CLEAR,LOW
CSMT_SLOW,Byculla,07:00,TUESDAY,CLEAR,HIGH
CSMT_SLOW,Vashi,20:45,SATURDAY,CLEAR,LOW
CSMT_SLOW,Vashi,05:00,SATURDAY,CLOUDY,LOW
CSMT_SLOW,Borivali,21:30,SUNDAY,RAIN,LOW
CSMT_SLOW,Kalyan,22:00,TUESDAY,CLEAR,HIGH
CSMT_FAST,Bandra,08:00,TUESDAY,RAIN,HIGH
CSMT_SLOW,Kanjurmarg,16:30,TUESDAY,CLEAR,HIGH
CSMT_FAST,Kanjurmarg,15:15,SATURDAY,CLEAR,LOW
CSMT_SLOW,Kalyan,07:15,THURSDAY,RAIN,HIGH
CSMT_SLOW,Vikhroli,11:30,THURSDAY,RAIN,HIGH
CSMT_SLOW,Vikhroli,12:00,WEDNESDAY,CLOUDY,LOW
CSMT_SLOW,Kanjurmarg,22:45,MONDAY,RAIN,LOW
CSMT_SLOW,Andheri,16:00,SUNDAY,CLOUDY,LOW
CSMT_SLOW,Dadar,23:00,SUNDAY,CLEAR,LOW
CSMT_FAST,Bhandup,10:30,WEDNESDAY,CLEAR,LOW
CSMT_SLOW,Byculla,07:00,MONDAY,CLOUDY,HIGH
CSMT_SLOW,Thane,15:00,WEDNESDAY,RAIN,HIGH
CSMT_FAST,Ghatkopar,05:45,THURSDAY,CLEAR,HIGH
CSMT_FAST,Nerul,23:15,THURSDAY,CLOUDY,LOW
CSMT_SLOW,Panvel,16:15,MONDAY,CLOUDY,HIGH
CSMT_FAST,Dombivli,20:00,WEDNESDAY,CLEAR,MEDIUM
CSMT_SLOW,Dadar,11:45,MONDAY,CLOUDY,HIGH
CSMT_SLOW,Bhandup,21:45,MONDAY,CLOUDY,LOW
CSMT_FAST,Borivali,09:15,FRIDAY,CLOUDY,HIGH
CSMT_SLOW,Vikhroli,06:30,WEDNESDAY,CLOUDY,LOW
CSMT_SLOW,Andheri,12:30,SUNDAY,CLOUDY,LOW
CSMT_SLOW,Ghatkopar,08:45,MONDAY,CLOUDY,HIGH
CSMT_FAST,Vikhroli,06:30,FRIDAY,CLEAR,HIGH
CSMT_FAST,Dadar,08:30,MONDAY,CLEAR,HIGH
CSMT_FAST,Ghatkopar,22:30,MONDAY,CLEAR,HIGH
CSMT_FAST,Kanjurmarg,08:15,SATURDAY,CLOUDY,HIGH
CSMT_SLOW,Mulund,13:15,FRIDAY,RAIN,HIGH
CSMT_FAST,Kanjurmarg,06:30,SUNDAY,RAIN,LOW
CSMT_FAST,Kalyan,22:30,SATURDAY,CLEAR,LOW
CSMT_FAST,Dombivli,20:45,SATURDAY,RAIN,LOW
CSMT_FAST,Panvel,05:15,SUNDAY,RAIN,LOW
CSMT_SLOW,Nerul,16:00,TUESDAY,CLEAR,MEDIUM
CSMT_SLOW,Bandra,12:45,TUESDAY,CLOUDY,MEDIUM
CSMT_SLOW,Borivali,14:45,MONDAY,CLEAR,LOW
CSMT_SLOW,Mulund,13:15,MONDAY,RAIN,LOW
CSMT_FAST,Kalyan,05:15,SUNDAY,CLEAR,LOW
CSMT_SLOW,CSMT,14:00,TUESDAY,CLEAR,MEDIUM
CSMT_SLOW,Byculla,12:45,THURSDAY,RAIN,HIGH
CSMT_SLOW,Bandra,21:15,MONDAY,CLOUDY,LOW
CSMT_FAST,Vikhroli,07:00,MONDAY,RAIN,HIGH
CSMT_FAST,Panvel,16:45,TUESDAY,CLOUDY,LOW
CSMT_SLOW,Bhandup,13:45,MONDAY,CLEAR,HIGH
CSMT_SLOW,Mulund,20:45,SATURDAY,RAIN,LOW
CSMT_SLOW,Bandra,10:00,THURSDAY,CLEAR,MEDIUM
CSMT_SLOW,Bandra,10:00,MONDAY,CLEAR,HIGH
CSMT_FAST,Virar,06:15,THURSDAY,RAIN,LOW
CSMT_SLOW,Mulund,06:15,TUESDAY,CLOUDY,LOW
CSMT_SLOW,Virar,17:45,SUNDAY,CLOUDY,HIGH
CSMT_SLOW,Panvel,08:00,TUESDAY,RAIN,HIGH
CSMT_FAST,Andheri,12:15,THURSDAY,CLOUDY,HIGH
CSMT_FAST,Bandra,12:30,TUESDAY,CLOUDY,MEDIUM
CSMT_FAST,Dadar,11:00,WEDNESDAY,RAIN,HIGH
CSMT_FAST,Andheri,17:00,MONDAY,CLEAR,HIGH
CSMT_SLOW,Mulund,10:45,THURSDAY,RAIN,MEDIUM
CSMT_FAST,Mulund,06:30,TUESDAY,RAIN,MEDIUM
CSMT_FAST,Borivali,13:15,MONDAY,CLEAR,MEDIUM
CSMT_FAST,Vashi,21:15,FRIDAY,CLEAR,HIGH
CSMT_FAST,Dadar,08:00,MONDAY,RAIN,HIGH
CSMT_SLOW,Borivali,22:45,WEDNESDAY,CLOUDY,HIGH
CSMT_FAST,Bandra,11:15,TUESDAY,CLOUDY,HIGH
CSMT_SLOW,Dombivli,19:30,FRIDAY,RAIN,HIGH
CSMT_FAST,Nerul,06:30,SUNDAY,RAIN,LOW
CSMT_FAST,Kanjurmarg,10:15,SUNDAY,RAIN,LOW
CSMT_SLOW,Andheri,06:30,WEDNESDAY,RAIN,LOW
CSMT_SLOW,Panvel,21:15,TUESDAY,CLEAR,HIGH
CSMT_SLOW,Dadar,16:30,FRIDAY,CLOUDY,LOW
CSMT_SLOW,Borivali,23:15,THURSDAY,CLEAR,HIGH
CSMT_FAST,Mulund,13:15,SUNDAY,CLEAR,LOW
CSMT_FAST,Mulund,17:00,TUESDAY,CLOUDY,HIGH
CSMT_SLOW,Kanjurmarg,08:30,MONDAY,CLEAR,HIGH
CSMT_FAST,Kurla,07:00,FRIDAY,CLEAR,HIGH
CSMT_FAST,Bandra,12:15,TUESDAY,RAIN,MEDIUM
CSMT_SLOW,Nerul,14:15,SUNDAY,CLEAR,LOW
CSMT_SLOW,Vashi,23:30,SUNDAY,CLEAR,LOW
CSMT_SLOW,Virar,22:15,THURSDAY,CLOUDY,HIGH
CSMT_SLOW,Byculla,14:45,FRIDAY,CLEAR,LOW
CSMT_SLOW,Mulund,11:15,MONDAY,RAIN,MEDIUM
CSMT_FAST,Dombivli,13:00,FRIDAY,CLOUDY,LOW
CSMT_SLOW,Kurla,13:15,TUESDAY,CLOUDY,LOW
CSMT_FAST,Kurla,21:00,TUESDAY,CLOUDY,HIGH
CSMT_FAST,Ghatkopar,19:30,SUNDAY,CLOUDY,HIGH
CSMT_FAST,Vashi,14:00,TUESDAY,CLOUDY,MEDIUM
CSMT_FAST,Kanjurmarg,05:15,FRIDAY,CLOUDY,HIGH
CSMT_FAST,Nerul,11:30,SUNDAY,CLOUDY,LOW
CSMT_FAST,Mulund,22:15,THURSDAY,CLEAR,MEDIUM
CSMT_SLOW,Virar,15:30,WEDNESDAY,RAIN,HIGH
CSMT_SLOW,Kurla,05:45,SATURDAY,CLOUDY,LOW
CSMT_SLOW,Thane,21:45,THURSDAY,RAIN,LOW
CSMT_FAST,Kurla,09:45,SUNDAY,RAIN,HIGH
CSMT_FAST,Kalyan,06:00,TUESDAY,CLEAR,LOW
CSMT_SLOW,Bhandup,06:30,MONDAY,CLOUDY,HIGH
CSMT_SLOW,Nerul,07:15,SATURDAY,CLEAR,HIGH
CSMT_SLOW,Bhandup,05:15,MONDAY,RAIN,HIGH
CSMT_FAST,Thane,23:45,WEDNESDAY,CLEAR,MEDIUM
CSMT_FAST,Mulund,20:45,MONDAY,RAIN,LOW
CSMT_FAST,Thane,11:00,FRIDAY,RAIN,MEDIUM
CSMT_SLOW,Mulund,09:45,FRIDAY,CLOUDY,HIGH
CSMT_SLOW,Bhandup,05:30,SUNDAY,CLOUDY,LOW
CSMT_FAST,Ghatkopar,18:45,THURSDAY,CLEAR,HIGH
CSMT_SLOW,Byculla,17:30,MONDAY,RAIN,HIGH
CSMT_SLOW,Borivali,15:30,TUESDAY,CLOUDY,LOW
CSMT_SLOW,Borivali,16:30,WEDNESDAY,CLEAR,HIGH
CSMT_FAST,Kanjurmarg,14:30,TUESDAY,CLEAR,LOW
CSMT_FAST,Panvel,10:30,MONDAY,RAIN,HIGH
CSMT_FAST,Kurla,08:30,SATURDAY,CLOUDY,HIGH
CSMT_FAST,Kalyan,11:00,THURSDAY,RAIN,HIGH
CSMT_SLOW,Ghatkopar,23:00,THURSDAY,CLEAR,HIGH
CSMT_SLOW,Thane,14:45,FRIDAY,CLOUDY,MEDIUM
CSMT_SLOW,Vikhroli,15:45,TUESDAY,RAIN,MEDIUM
CSMT_SLOW,Vikhroli,19:00,TUESDAY,CLOUDY,HIGH
CSMT_FAST,CSMT,10:15,SUNDAY,CLEAR,LOW
CSMT_SLOW,Bandra,11:15,WEDNESDAY,CLEAR,LOW
CSMT_FAST,Byculla,21:45,WEDNESDAY,CLOUDY,HIGH
CSMT_SLOW,CSMT,12:45,THURSDAY,CLOUDY,MEDIUM
CSMT_SLOW,Bandra,18:30,SUNDAY,CLEAR,HIGH
CSMT_FAST,Borivali,23:00,WEDNESDAY,CLEAR,LOW
CSMT_SLOW,Ghatkopar,10:15,FRIDAY,CLEAR,LOW
CSMT_FAST,Bhandup,14:00,THURSDAY,RAIN,LOW
CSMT_SLOW,Mulund,10:45,MONDAY,CLEAR,HIGH
CSMT_FAST,Vikhroli,05:15,THURSDAY,RAIN,MEDIUM
CSMT_FAST,Virar,17:00,FRIDAY,CLEAR,HIGH
CSMT_FAST,Dadar,07:15,TUESDAY,RAIN,HIGH
CSMT_FAST,Vashi,11:15,SATURDAY,CLOUDY,LOW
CSMT_SLOW,Nerul,17:30,SUNDAY,CLOUDY,HIGH
CSMT_FAST,Nerul,20:15,THURSDAY,CLEAR,LOW
CSMT_FAST,Borivali,14:30,SATURDAY,CLEAR,LOW
CSMT_FAST,Kalyan,18:45,FRIDAY,RAIN,HIGH
CSMT_SLOW,Nerul,06:45,TUESDAY,CLOUDY,LOW
CSMT_FAST,Bhandup,12:45,FRIDAY,RAIN,HIGH
CSMT_SLOW,Kanjurmarg,18:30,TUESDAY,RAIN,HIGH
CSMT_FAST,Ghatkopar,15:15,TUESDAY,CLEAR,HIGH
CSMT_FAST,Virar,10:45,SUNDAY,CLEAR,LOW
CSMT_SLOW,Kanjurmarg,05:45,THURSDAY,CLOUDY,HIGH
CSMT_FAST,Kalyan,14:00,TUESDAY,CLEAR,LOW
CSMT_FAST,Kalyan,12:00,TUESDAY,RAIN,LOW
CSMT_FAST,Panvel,13:15,WEDNESDAY,CLEAR,HIGH
CSMT_FAST,Panvel,17:00,TUESDAY,CLEAR,HIGH
CSMT_SLOW,Byculla,22:00,WEDNESDAY,CLOUDY,LOW
CSMT_FAST,Andheri,16:15,THURSDAY,CLEAR,MEDIUM
CSMT_FAST,Mulund,14:45,SUNDAY,RAIN,LOW
CSMT_FAST,Nerul,20:15,SATURDAY,CLEAR,LOW
CSMT_FAST,Vashi,17:30,SATURDAY,CLEAR,HIGH
CSMT_SLOW,Kurla,17:00,SUNDAY,CLEAR,HIGH
CSMT_SLOW,Dombivli,15:45,FRIDAY,RAIN,MEDIUM
CSMT_FAST,Dadar,06:45,SATURDAY,CLOUDY,LOW
CSMT_SLOW,Kurla,09:15,TUESDAY,RAIN,HIGH
CSMT_FAST,Borivali,17:45,FRIDAY,RAIN,HIGH
CSMT_FAST,Vashi,19:00,THURSDAY,CLOUDY,HIGH
CSMT_FAST,Virar,10:15,MONDAY,CLOUDY,LOW
CSMT_FAST,Virar,15:15,THURSDAY,RAIN,LOW
CSMT_SLOW,CSMT,10:00,TUESDAY,CLOUDY,MEDIUM
CSMT_SLOW,Borivali,11:15,FRIDAY,CLEAR,MEDIUM
CSMT_SLOW,Byculla,05:45,TUESDAY,CLEAR,HIGH
CSMT_FAST,Dadar,10:45,MONDAY,RAIN,LOW
CSMT_SLOW,Borivali,16:15,SUNDAY,CLEAR,LOW
CSMT_SLOW,Bhandup,09:15,TUESDAY,CLOUDY,HIGH
CSMT_FAST,Ghatkopar,09:30,THURSDAY,CLOUDY,HIGH
CSMT_SLOW,Vashi,12:00,MONDAY,RAIN,LOW
CSMT_SLOW,Andheri,10:30,THURSDAY,RAIN,MEDIUM
CSMT_SLOW,Nerul,05:30,FRIDAY,CLOUDY,LOW
CSMT_SLOW,Kurla,14:00,SUNDAY,RAIN,LOW
CSMT_SLOW,Virar,15:45,SUNDAY,RAIN,LOW
CSMT_FAST,Mulund,15:15,SUNDAY,CLOUDY,LOW
CSMT_SLOW,Dombivli,07:45,TUESDAY,CLOUDY,HIGH
CSMT_FAST,Mulund,20:00,SUNDAY,CLOUDY,LOW
CSMT_SLOW,Mulund,23:30,SUNDAY,RAIN,LOW
CSMT_FAST,Mulund,10:00,WEDNESDAY,CLEAR,HIGH
CSMT_FAST,Dadar,20:45,MONDAY,CLEAR,HIGH
CSMT_SLOW,Panvel,08:30,SUNDAY,CLEAR,HIGH
CSMT_FAST,Borivali,15:00,TUESDAY,RAIN,MEDIUM
CSMT_FAST,Ghatkopar,07:00,MONDAY,CLOUDY,HIGH
CSMT_FAST,Ghatkopar,11:45,TUESDAY,RAIN,LOW
CSMT_SLOW,Andheri,18:45,WEDNESDAY,RAIN,HIGH
CSMT_SLOW,Andheri,05:15,THURSDAY,CLOUDY,LOW
CSMT_SLOW,Bhandup,09:15,WEDNESDAY,CLOUDY,HIGH
CSMT_FAST,Dadar,06:45,THURSDAY,CLOUDY,HIGH
CSMT_FAST,Bandra,16:30,SUNDAY,CLOUDY,LOW
CSMT_SLOW,Kurla,18:15,MONDAY,CLEAR,HIGH
CSMT_FAST,Mulund,23:00,THURSDAY,CLEAR,HIGH
CSMT_FAST,Byculla,19:45,THURSDAY,CLEAR,HIGH
CSMT_FAST,Kanjurmarg,21:30,MONDAY,CLOUDY,MEDIUM
CSMT_SLOW,Dadar,11:45,FRIDAY,CLEAR,LOW
CSMT_SLOW,CSMT,09:15,SATURDAY,CLOUDY,HIGH
CSMT_FAST,Thane,17:00,THURSDAY,CLOUDY,HIGH
CSMT_SLOW,Virar,09:30,FRIDAY,CLEAR,HIGH
CSMT_SLOW,Bhandup,19:00,MONDAY,RAIN,HIGH
CSMT_SLOW,Nerul,18:30,THURSDAY,CLOUDY,HIGH
CSMT_FAST,Byculla,09:30,TUESDAY,CLEAR,HIGH
CSMT_SLOW,Bandra,10:00,TUESDAY,RAIN,HIGH
CSMT_SLOW,Vikhroli,20:30,TUESDAY,CLOUDY,MEDIUM
CSMT_FAST,Nerul,22:45,FRIDAY,RAIN,MEDIUM
CSMT_SLOW,Dadar,12:00,SUNDAY,CLOUDY,LOW
CSMT_SLOW,Vashi,22:30,WEDNESDAY,RAIN,MEDIUM
CSMT_FAST,Dombivli,19:15,THURSDAY,RAIN,HIGH
CSMT_FAST,Panvel,14:00,WEDNESDAY,CLOUDY,HIGH
CSMT_SLOW,Dombivli,19:30,SATURDAY,CLEAR,HIGH
CSMT_SLOW,Kurla,16:30,WEDNESDAY,RAIN,MEDIUM
CSMT_FAST,Nerul,15:30,WEDNESDAY,CLOUDY,LOW
CSMT_FAST,Dadar,12:00,FRIDAY,CLEAR,MEDIUM
CSMT_FAST,Panvel,09:30,SUNDAY,CLEAR,HIGH
CSMT_FAST,Kurla,07:15,SATURDAY,CLEAR,HIGH
CSMT_FAST,Thane,11:30,TUESDAY,CLOUDY,LOW
CSMT_FAST,CSMT,10:00,SATURDAY,CLOUDY,LOW
CSMT_FAST,Virar,05:00,SATURDAY,RAIN,LOW
CSMT_FAST,Mulund,21:00,SATURDAY,CLOUDY,LOW
CSMT_FAST,Thane,22:00,THURSDAY,CLOUDY,HIGH
CSMT_FAST,Vikhroli,19:30,THURSDAY,CLOUDY,HIGH
CSMT_SLOW,Panvel,13:45,SATURDAY,RAIN,LOW
CSMT_FAST,Borivali,15:45,FRIDAY,CLOUDY,HIGH
CSMT_FAST,Virar,18:00,MONDAY,CLEAR,HIGH
CSMT_FAST,Dombivli,13:15,MONDAY,CLOUDY,MEDIUM
CSMT_FAST,Andheri,21:30,MONDAY,RAIN,HIGH
CSMT_FAST,Thane,20:45,SUNDAY,CLOUDY,LOW
CSMT_SLOW,Kanjurmarg,20:30,SATURDAY,CLOUDY,LOW
CSMT_SLOW,Panvel,13:15,SATURDAY,CLOUDY,LOW
CSMT_SLOW,Kalyan,06:30,SATURDAY,RAIN,LOW
CSMT_FAST,Thane,17:00,FRIDAY,CLOUDY,HIGH
CSMT_FAST,Dadar,07:45,SUNDAY,RAIN,HIGH
CSMT_SLOW,Kurla,12:15,TUESDAY,RAIN,HIGH
CSMT_SLOW,Vikhroli,07:15,SATURDAY,RAIN,HIGH
CSMT_SLOW,Kalyan,10:30,WEDNESDAY,CLEAR,MEDIUM
CSMT_FAST,Byculla,11:45,SUNDAY,RAIN,LOW
CSMT_FAST,Kalyan,12:15,SUNDAY,CLEAR,LOW
CSMT_FAST,Byculla,22:15,SUNDAY,CLEAR,LOW
CSMT_FAST,Kanjurmarg,14:00,WEDNESDAY,CLOUDY,MEDIUM
CSMT_FAST,Dombivli,14:00,MONDAY,CLOUDY,MEDIUM
CSMT_SLOW,Bhandup,20:45,TUESDAY,CLEAR,MEDIUM
CSMT_FAST,Andheri,10:30,FRIDAY,CLEAR,MEDIUM
CSMT_SLOW,Dombivli,16:15,MONDAY,RAIN,LOW
CSMT_FAST,Thane,08:30,SUNDAY,CLEAR,HIGH
CSMT_FAST,Virar,16:45,SUNDAY,CLOUDY,LOW
CSMT_SLOW,Nerul,20:00,WEDNESDAY,CLOUDY,HIGH
CSMT_SLOW,Bandra,07:45,FRIDAY,RAIN,HIGH
CSMT_SLOW,Thane,15:00,SATURDAY,CLEAR,LOW
CSMT_SLOW,CSMT,14:00,THURSDAY,CLEAR,HIGH
CSMT_SLOW,Dombivli,11:00,THURSDAY,RAIN,HIGH
CSMT_SLOW,Bandra,06:30,SUNDAY,RAIN,LOW
CSMT_FAST,Thane,16:45,SUNDAY,CLOUDY,LOW
CSMT_SLOW,Dombivli,23:30,MONDAY,CLEAR,HIGH
CSMT_SLOW,Ghatkopar,17:45,MONDAY,RAIN,HIGH
CSMT_SLOW,Kalyan,10:00,SUNDAY,CLEAR,LOW
CSMT_SLOW,Dombivli,22:15,MONDAY,RAIN,MEDIUM
CSMT_FAST,Ghatkopar,10:45,TUESDAY,RAIN,LOW
CSMT_FAST,Kurla,12:00,THURSDAY,CLOUDY,LOW
CSMT_FAST,Dadar,13:30,SUNDAY,RAIN,LOW
CSMT_FAST,Vikhroli,09:15,MONDAY,RAIN,HIGH
CSMT_SLOW,Nerul,23:45,WEDNESDAY,CLOUDY,MEDIUM
CSMT_SLOW,Mulund,13:45,FRIDAY,CLOUDY,MEDIUM
CSMT_SLOW,Bhandup,12:00,WEDNESDAY,CLOUDY,LOW
CSMT_FAST,Andheri,08:15,SATURDAY,CLEAR,HIGH
CSMT_SLOW,Byculla,19:00,TUESDAY,CLEAR,HIGH
CSMT_FAST,Panvel,06:15,FRIDAY,CLEAR,LOW
CSMT_FAST,CSMT,16:30,MONDAY,CLOUDY,LOW
CSMT_SLOW,Bhandup,22:45,WEDNESDAY,CLOUDY,LOW
CSMT_SLOW,Byculla,20:15,MONDAY,RAIN,MEDIUM
CSMT_SLOW,CSMT,07:15,SATURDAY,RAIN,HIGH
CSMT_FAST,Vikhroli,18:00,THURSDAY,CLEAR,HIGH
CSMT_SLOW,Dombivli,10:45,TUESDAY,CLOUDY,MEDIUM
CSMT_FAST,Mulund,17:45,THURSDAY,RAIN,HIGH
CSMT_FAST,Borivali,08:30,THURSDAY,CLEAR,HIGH
CSMT_FAST,Dadar,12:30,SATURDAY,CLEAR,LOW
CSMT_FAST,Kurla,22:30,SATURDAY,CLOUDY,LOW
CSMT_SLOW,CSMT,20:00,MONDAY,RAIN,HIGH
CSMT_SLOW,Mulund,21:00,SUNDAY,RAIN,LOW
CSMT_FAST,Dombivli,18:30,MONDAY,CLEAR,HIGH
CSMT_FAST,Andheri,15:15,SUNDAY,CLEAR,LOW
CSMT_SLOW,Byculla,11:45,SATURDAY,CLOUDY,LOW
CSMT_FAST,Dombivli,20:45,THURSDAY,RAIN,MEDIUM
CSMT_FAST,Kurla,20:30,MONDAY,RAIN,HIGH
CSMT_FAST,Borivali,22:00,TUESDAY,CLEAR,HIGH
CSMT_SLOW,Kalyan,08:15,MONDAY,RAIN,HIGH
CSMT_SLOW,Dombivli,17:45,TUESDAY,CLOUDY,HIGH
CSMT_SLOW,Bhandup,18:45,SATURDAY,RAIN,HIGH
CSMT_FAST,Vashi,05:15,MONDAY,CLEAR,HIGH
CSMT_SLOW,Bhandup,17:15,THURSDAY,RAIN,HIGH
CSMT_FAST,Dombivli,19:45,MONDAY,RAIN,HIGH
CSMT_FAST,Thane,12:00,SUNDAY,RAIN,LOW
CSMT_FAST,Vashi,19:00,FRIDAY,CLOUDY,HIGH
CSMT_FAST,Panvel,13:30,SATURDAY,RAIN,LOW
CSMT_FAST,Borivali,06:45,TUESDAY,RAIN,LOW
CSMT_SLOW,CSMT,05:00,TUESDAY,RAIN,MEDIUM
CSMT_FAST,Dombivli,23:45,MONDAY,CLOUDY,HIGH
CSMT_SLOW,Vashi,09:30,WEDNESDAY,CLEAR,HIGH
CSMT_SLOW,Bandra,06:15,TUESDAY,CLOUDY,LOW
CSMT_SLOW,Dadar,13:45,WEDNESDAY,RAIN,LOW
CSMT_FAST,Dombivli,07:15,SATURDAY,RAIN,HIGH
CSMT_SLOW,CSMT,10:00,MONDAY,RAIN,MEDIUM
CSMT_FAST,Kanjurmarg,23:00,MONDAY,RAIN,MEDIUM
CSMT_SLOW,Thane,19:15,TUESDAY,CLEAR,HIGH
CSMT_FAST,Kalyan,19:45,SUNDAY,CLEAR,HIGH
CSMT_SLOW,Bandra,23:00,TUESDAY,CLOUDY,MEDIUM
CSMT_FAST,Virar,07:45,THURSDAY,RAIN,HIGH
CSMT_FAST,Bhandup,16:45,WEDNESDAY,CLEAR,MEDIUM
CSMT_SLOW,Thane,05:15,SUNDAY,RAIN,LOW
CSMT_FAST,Thane,15:15,MONDAY,CLEAR,LOW
CSMT_SLOW,Ghatkopar,23:45,WEDNESDAY,CLOUDY,MEDIUM
CSMT_FAST,Thane,15:00,TUESDAY,RAIN,LOW
CSMT_FAST,Byculla,23:45,SUNDAY,RAIN,LOW
CSMT_FAST,Panvel,08:00,WEDNESDAY,CLEAR,HIGH
CSMT_SLOW,Kurla,21:30,THURSDAY,CLEAR,HIGH
CSMT_SLOW,Kanjurmarg,17:00,WEDNESDAY,RAIN,HIGH
CSMT_FAST,Dadar,16:30,WEDNESDAY,RAIN,LOW
CSMT_SLOW,Bandra,20:00,TUESDAY,CLEAR,HIGH
CSMT_SLOW,Kurla,10:30,MONDAY,RAIN,MEDIUM
CSMT_SLOW,Kalyan,09:45,SUNDAY,CLEAR,HIGH
CSMT_SLOW,Virar,13:45,THURSDAY,RAIN,LOW
CSMT_SLOW,Bandra,21:15,SATURDAY,CLEAR,LOW
CSMT_FAST,Vikhroli,14:00,THURSDAY,CLOUDY,MEDIUM
CSMT_SLOW,Bhandup,13:00,SUNDAY,CLEAR,LOW
CSMT_FAST,Kalyan,15:15,SUNDAY,CLEAR,LOW
CSMT_SLOW,Kurla,12:15,WEDNESDAY,CLOUDY,LOW
CSMT_SLOW,Nerul,23:00,FRIDAY,RAIN,HIGH
CSMT_SLOW,Thane,16:00,SATURDAY,CLEAR,LOW
CSMT_SLOW,Bhandup,08:30,THURSDAY,CLEAR,HIGH
CSMT_FAST,Kanjurmarg,13:45,FRIDAY,CLEAR,MEDIUM
CSMT_FAST,Bhandup,07:45,FRIDAY,CLOUDY,HIGH
CSMT_SLOW,Panvel,20:15,SATURDAY,RAIN,LOW
CSMT_FAST,Kanjurmarg,05:30,THURSDAY,CLEAR,HIGH
CSMT_FAST,Andheri,23:30,FRIDAY,CLEAR,MEDIUM
CSMT_SLOW,Bandra,20:00,FRIDAY,CLOUDY,MEDIUM
CSMT_FAST,Bandra,05:15,SATURDAY,CLEAR,LOW
CSMT_SLOW,Vashi,11:30,THURSDAY,CLOUDY,HIGH
CSMT_SLOW,Panvel,09:15,SATURDAY,CLEAR,HIGH
CSMT_FAST,Borivali,15:45,FRIDAY,CLOUDY,MEDIUM
CSMT_FAST,Kanjurmarg,21:30,SUNDAY,RAIN,LOW
CSMT_FAST,Vashi,19:30,FRIDAY,CLOUDY,HIGH
CSMT_SLOW,Byculla,20:30,TUESDAY,CLOUDY,HIGH
CSMT_FAST,Ghatkopar,22:45,SUNDAY,CLEAR,LOW
CSMT_SLOW,Kalyan,08:00,TUESDAY,CLEAR,HIGH
CSMT_SLOW,Kalyan,10:00,SATURDAY,CLEAR,LOW
CSMT_FAST,Panvel,19:00,MONDAY,CLEAR,HIGH
CSMT_SLOW,Vikhroli,17:30,WEDNESDAY,RAIN,HIGH
CSMT_FAST,Virar,07:30,TUESDAY,RAIN,HIGH
CSMT_FAST,Nerul,22:30,SATURDAY,CLEAR,LOW
CSMT_SLOW,Panvel,06:00,TUESDAY,CLEAR,MEDIUM
CSMT_SLOW,Bandra,10:45,TUESDAY,CLEAR,HIGH
CSMT_SLOW,Kurla,12:30,TUESDAY,CLOUDY,MEDIUM
CSMT_FAST,Vikhroli,05:00,MONDAY,CLOUDY,LOW
CSMT_SLOW,Bandra,22:00,TUESDAY,CLOUDY,HIGH
CSMT_SLOW,Bandra,22:30,SUNDAY,CLEAR,LOW
CSMT_SLOW,Ghatkopar,17:00,TUESDAY,RAIN,HIGH
CSMT_FAST,Borivali,20:30,THURSDAY,CLEAR,MEDIUM
CSMT_FAST,Vashi,09:15,THURSDAY,CLEAR,HIGH
CSMT_FAST,Mulund,21:45,SUNDAY,CLEAR,LOW
CSMT_SLOW,Borivali,06:15,FRIDAY,CLEAR,MEDIUM
CSMT_FAST,Thane,08:30,MONDAY,CLOUDY,HIGH
CSMT_SLOW,Bhandup,16:15,SUNDAY,CLOUDY,LOW
CSMT_FAST,Byculla,22:30,SUNDAY,RAIN,LOW
CSMT_FAST,Bhandup,22:45,MONDAY,RAIN,LOW
CSMT_SLOW,Nerul,08:15,WEDNESDAY,CLOUDY,HIGH
CSMT_FAST,Byculla,07:30,THURSDAY,RAIN,HIGH
CSMT_SLOW,Borivali,17:00,SATURDAY,CLEAR,HIGH
CSMT_FAST,Virar,06:00,SUNDAY,CLOUDY,LOW
CSMT_SLOW,Nerul,15:00,WEDNESDAY,CLEAR,MEDIUM
CSMT_FAST,Vashi,09:15,WEDNESDAY,RAIN,HIGH
CSMT_FAST,Bhandup,15:45,MONDAY,CLOUDY,LOW
CSMT_FAST,Dombivli,22:45,SATURDAY,CLEAR,LOW
CSMT_SLOW,Borivali,23:45,TUESDAY,CLOUDY,MEDIUM
CSMT_SLOW,Panvel,09:00,SUNDAY,CLEAR,HIGH
CSMT_FAST,Panvel,08:45,MONDAY,CLOUDY,HIGH
CSMT_FAST,Dadar,20:00,TUESDAY,CLOUDY,MEDIUM
CSMT_FAST,Byculla,16:45,WEDNESDAY,RAIN,LOW
CSMT_SLOW,Thane,22:30,WEDNESDAY,RAIN,MEDIUM
CSMT_FAST,Vikhroli,11:45,SUNDAY,CLOUDY,LOW
CSMT_FAST,Thane,11:00,SUNDAY,CLOUDY,LOW
CSMT_FAST,Thane,18:30,THURSDAY,CLOUDY,HIGH
CSMT_SLOW,Ghatkopar,16:45,SATURDAY,CLEAR,LOW
CSMT_SLOW,Dombivli,15:00,WEDNESDAY,CLOUDY,LOW
CSMT_SLOW,Byculla,05:15,SUNDAY,CLEAR,LOW
CSMT_SLOW,Kalyan,07:30,SUNDAY,RAIN,HIGH
CSMT_FAST,Kurla,16:30,TUESDAY,CLEAR,LOW
CSMT_FAST,Kalyan,22:15,SUNDAY,RAIN,LOW
CSMT_FAST,Kurla,11:30,WEDNESDAY,CLEAR,LOW
CSMT_FAST,Vashi,06:15,THURSDAY,CLEAR,HIGH
CSMT_FAST,Andheri,13:15,WEDNESDAY,RAIN,HIGH
CSMT_SLOW,Andheri,13:30,WEDNESDAY,CLEAR,MEDIUM
CSMT_FAST,Bandra,07:45,FRIDAY,RAIN,HIGH
CSMT_FAST,Andheri,11:00,TUESDAY,CLOUDY,MEDIUM
CSMT_FAST,Kanjurmarg,06:30,TUESDAY,RAIN,LOW
CSMT_SLOW,Panvel,09:45,SATURDAY,CLEAR,HIGH
CSMT_FAST,Bandra,08:00,TUESDAY,CLEAR,HIGH
CSMT_FAST,Borivali,18:00,WEDNESDAY,CLEAR,HIGH
CSMT_SLOW,Vikhroli,20:00,SATURDAY,CLOUDY,LOW
CSMT_FAST,Thane,19:15,WEDNESDAY,CLOUDY,HIGH
CSMT_SLOW,Virar,13:45,MONDAY,CLOUDY,LOW
CSMT_SLOW,Thane,17:00,TUESDAY,CLEAR,HIGH
CSMT_FAST,Ghatkopar,05:00,WEDNESDAY,CLEAR,LOW
CSMT_SLOW,Kanjurmarg,10:30,WEDNESDAY,CLOUDY,LOW
CSMT_FAST,Mulund,14:45,FRIDAY,RAIN,HIGH
CSMT_SLOW,Nerul,15:30,WEDNESDAY,CLEAR,HIGH
CSMT_FAST,Andheri,18:45,TUESDAY,CLOUDY,HIGH
CSMT_FAST,Borivali,10:15,TUESDAY,RAIN,LOW
CSMT_SLOW,Vikhroli,13:00,THURSDAY,RAIN,LOW
CSMT_FAST,Bandra,09:30,THURSDAY,RAIN,HIGH
CSMT_FAST,Mulund,16:45,SUNDAY,RAIN,LOW
CSMT_FAST,Ghatkopar,09:00,SATURDAY,CLEAR,HIGH
CSMT_FAST,Andheri,09:15,THURSDAY,CLOUDY,HIGH
CSMT_SLOW,Dadar,20:30,WEDNESDAY,CLOUDY,HIGH
CSMT_FAST,Panvel,18:15,MONDAY,RAIN,HIGH
CSMT_FAST,Vikhroli,22:30,THURSDAY,CLOUDY,HIGH
CSMT_FAST,Kanjurmarg,13:45,THURSDAY,CLEAR,HIGH
CSMT_SLOW,Kanjurmarg,22:30,SUNDAY,CLOUDY,LOW
CSMT_SLOW,Bhandup,14:45,TUESDAY,CLEAR,MEDIUM
CSMT_SLOW,Kurla,14:15,WEDNESDAY,CLOUDY,LOW
CSMT_SLOW,Bhandup,09:45,MONDAY,CLOUDY,HIGH
CSMT_SLOW,Borivali,11:30,FRIDAY,RAIN,HIGH
CSMT_SLOW,Kanjurmarg,22:30,THURSDAY,CLEAR,MEDIUM
CSMT_FAST,Bhandup,21:30,TUESDAY,CLOUDY,HIGH
CSMT_FAST,Byculla,23:45,SATURDAY,CLOUDY,LOW
CSMT_FAST,Nerul,08:15,THURSDAY,CLOUDY,HIGH
CSMT_SLOW,Panvel,06:30,MONDAY,CLOUDY,LOW
CSMT_SLOW,Bandra,21:30,FRIDAY,CLOUDY,LOW
CSMT_SLOW,Dadar,06:45,WEDNESDAY,CLOUDY,LOW
CSMT_SLOW,Kurla,14:30,SUNDAY,RAIN,LOW
CSMT_FAST,Kurla,06:45,WEDNESDAY,CLOUDY,HIGH
CSMT_SLOW,Kalyan,19:45,SATURDAY,CLEAR,HIGH
CSMT_FAST,Kurla,19:30,SUNDAY,CLOUDY,HIGH
CSMT_FAST,Byculla,19:15,TUESDAY,RAIN,HIGH
CSMT_FAST,Byculla,21:15,FRIDAY,RAIN,LOW
CSMT_FAST,Bhandup,10:15,FRIDAY,CLEAR,MEDIUM
CSMT_SLOW,Andheri,13:30,THURSDAY,CLOUDY,LOW
CSMT_FAST,Vikhroli,20:30,TUESDAY,CLOUDY,MEDIUM
CSMT_SLOW,Borivali,09:30,SATURDAY,CLEAR,HIGH
CSMT_SLOW,Vashi,16:00,SUNDAY,CLOUDY,LOW
CSMT_FAST,Nerul,06:00,WEDNESDAY,CLOUDY,MEDIUM
CSMT_SLOW,Bhandup,22:30,THURSDAY,RAIN,HIGH
CSMT_FAST,Borivali,18:30,FRIDAY,CLEAR,HIGH
CSMT_SLOW,Bandra,17:45,THURSDAY,CLOUDY,HIGH
CSMT_SLOW,Byculla,11:30,MONDAY,CLOUDY,HIGH
CSMT_FAST,Vashi,08:00,MONDAY,CLEAR,HIGH
CSMT_SLOW,Virar,23:30,TUESDAY,RAIN,HIGH
CSMT_FAST,Vashi,16:15,WEDNESDAY,CLEAR,MEDIUM
CSMT_SLOW,Dombivli,06:45,SATURDAY,CLOUDY,LOW
CSMT_FAST,Virar,14:15,SATURDAY,CLOUDY,LOW
CSMT_SLOW,Borivali,10:45,WEDNESDAY,CLOUDY,HIGH
CSMT_SLOW,CSMT,17:00,MONDAY,CLOUDY,HIGH
CSMT_FAST,Kurla,14:45,TUESDAY,RAIN,HIGH
CSMT_FAST,Borivali,18:00,SATURDAY,RAIN,HIGH
CSMT_SLOW,Bandra,22:30,THURSDAY,RAIN,LOW
CSMT_FAST,Borivali,19:45,TUESDAY,RAIN,HIGH
CSMT_FAST,Dadar,19:15,SATURDAY,RAIN,HIGH
CSMT_SLOW,Vikhroli,07:00,SUNDAY,RAIN,HIGH
CSMT_FAST,Andheri,06:45,MONDAY,CLOUDY,MEDIUM
CSMT_SLOW,Vikhroli,07:15,FRIDAY,CLOUDY,HIGH
CSMT_FAST,Nerul,11:15,MONDAY,CLOUDY,LOW
CSMT_SLOW,Bhandup,11:15,TUESDAY,CLOUDY,MEDIUM
CSMT_FAST,Dadar,15:30,SUNDAY,RAIN,LOW
CSMT_FAST,Mulund,18:00,WEDNESDAY,RAIN,HIGH
CSMT_FAST,Kalyan,18:45,MONDAY,CLEAR,HIGH
CSMT_FAST,Virar,20:30,THURSDAY,RAIN,MEDIUM
CSMT_SLOW,Kalyan,23:00,SUNDAY,CLOUDY,LOW
CSMT_SLOW,Virar,12:00,TUESDAY,CLOUDY,HIGH
CSMT_FAST,Bhandup,14:15,FRIDAY,CLEAR,HIGH
CSMT_SLOW,Virar,05:30,WEDNESDAY,CLEAR,MEDIUM
CSMT_FAST,Virar,08:15,SUNDAY,CLEAR,HIGH
CSMT_SLOW,Kanjurmarg,05:15,TUESDAY,CLEAR,MEDIUM
CSMT_SLOW,Panvel,08:30,THURSDAY,CLEAR,HIGH
CSMT_SLOW,Vikhroli,17:00,FRIDAY,CLEAR,HIGH
CSMT_SLOW,Vashi,11:30,THURSDAY,CLOUDY,MEDIUM
CSMT_FAST,Vikhroli,16:00,SATURDAY,CLEAR,LOW
CSMT_FAST,Vikhroli,17:45,SATURDAY,RAIN,HIGH
CSMT_SLOW,Bandra,12:00,SATURDAY,RAIN,LOW
CSMT_SLOW,Mulund,20:30,FRIDAY,CLEAR,LOW
CSMT_SLOW,Vikhroli,23:45,THURSDAY,RAIN,HIGH
CSMT_FAST,Vashi,16:30,FRIDAY,CLOUDY,LOW
CSMT_SLOW,Vikhroli,05:45,MONDAY,CLEAR,LOW
CSMT_SLOW,Kalyan,18:30,FRIDAY,CLOUDY,HIGH
CSMT_FAST,Ghatkopar,11:45,SUNDAY,CLOUDY,LOW
CSMT_FAST,Kalyan,14:15,WEDNESDAY,RAIN,MEDIUM
CSMT_FAST,Vikhroli,15:15,WEDNESDAY,CLEAR,MEDIUM
CSMT_FAST,Virar,12:00,FRIDAY,CLEAR,LOW
CSMT_FAST,Virar,05:15,THURSDAY,CLEAR,HIGH
CSMT_SLOW,Byculla,17:00,TUESDAY,CLEAR,HIGH
CSMT_SLOW,Virar,07:00,TUESDAY,CLEAR,HIGH
CSMT_SLOW,Nerul,10:45,TUESDAY,CLOUDY,LOW
CSMT_FAST,Vikhroli,10:45,THURSDAY,RAIN,LOW
CSMT_FAST,Panvel,05:45,TUESDAY,RAIN,HIGH
CSMT_FAST,CSMT,14:30,THURSDAY,CLOUDY,HIGH
CSMT_SLOW,Byculla,07:00,MONDAY,CLOUDY,HIGH
CSMT_SLOW,Thane,12:45,MONDAY,RAIN,LOW
CSMT_SLOW,Dadar,22:45,TUESDAY,CLOUDY,LOW
CSMT_FAST,Kurla,10:15,MONDAY,RAIN,LOW
CSMT_SLOW,Virar,18:45,SATURDAY,CLEAR,HIGH
CSMT_FAST,Andheri,22:15,SATURDAY,CLEAR,LOW
CSMT_SLOW,Thane,10:00,THURSDAY,RAIN,LOW
CSMT_SLOW,Dombivli,12:45,SUNDAY,CLEAR,LOW
CSMT_SLOW,Kalyan,19:30,FRIDAY,CLEAR,HIGH
CSMT_FAST,Vikhroli,07:15,SUNDAY,CLEAR,HIGH
CSMT_SLOW,Andheri,13:30,SATURDAY,RAIN,LOW
CSMT_FAST,Bandra,15:30,SATURDAY,CLOUDY,LOW
CSMT_FAST,Virar,22:45,MONDAY,CLEAR,LOW
CSMT_SLOW,Vikhroli,12:15,MONDAY,CLOUDY,HIGH
CSMT_SLOW,Kanjurmarg,19:30,MONDAY,RAIN,HIGH
CSMT_FAST,Kanjurmarg,22:45,THURSDAY,CLOUDY,LOW
CSMT_FAST,Panvel,07:30,SUNDAY,RAIN,HIGH
CSMT_FAST,Thane,23:00,SATURDAY,RAIN,LOW
CSMT_SLOW,Kalyan,13:00,WEDNESDAY,CLEAR,HIGH
CSMT_FAST,Nerul,13:00,SUNDAY,CLOUDY,LOW
CSMT_FAST,Virar,20:30,TUESDAY,RAIN,LOW
CSMT_SLOW,Borivali,10:30,THURSDAY,CLEAR,HIGH
CSMT_SLOW,Bandra,09:15,TUESDAY,RAIN,HIGH
CSMT_FAST,Ghatkopar,13:00,MONDAY,CLEAR,MEDIUM
CSMT_FAST,Panvel,23:00,SUNDAY,RAIN,LOW
CSMT_SLOW,Panvel,23:00,WEDNESDAY,CLEAR,HIGH
CSMT_SLOW,Bhandup,10:00,SATURDAY,RAIN,LOW
CSMT_FAST,CSMT,09:30,MONDAY,RAIN,HIGH
CSMT_FAST,Panvel,11:15,SATURDAY,RAIN,LOW
CSMT_SLOW,Borivali,16:00,TUESDAY,CLEAR,MEDIUM
CSMT_FAST,CSMT,21:00,FRIDAY,RAIN,HIGH
CSMT_SLOW,Kurla,16:45,WEDNESDAY,RAIN,LOW
CSMT_FAST,Kalyan,20:00,TUESDAY,CLEAR,MEDIUM
CSMT_FAST,Vashi,13:00,MONDAY,CLEAR,HIGH
CSMT_SLOW,Virar,08:00,THURSDAY,CLEAR,HIGH
CSMT_SLOW,Bhandup,11:00,WEDNESDAY,CLEAR,LOW
CSMT_FAST,Borivali,07:00,WEDNESDAY,RAIN,HIGH
CSMT_SLOW,Bandra,10:30,MONDAY,RAIN,LOW
CSMT_SLOW,Panvel,06:15,SATURDAY,RAIN,LOW
CSMT_SLOW,Vashi,20:15,THURSDAY,RAIN,HIGH
CSMT_FAST,Kurla,14:30,SUNDAY,RAIN,LOW
CSMT_FAST,Thane,23:45,THURSDAY,CLEAR,LOW
CSMT_SLOW,Kurla,19:45,FRIDAY,RAIN,HIGH
CSMT_FAST,Bandra,08:00,MONDAY,CLEAR,HIGH
CSMT_SLOW,Kanjurmarg,13:30,SUNDAY,CLEAR,LOW
CSMT_SLOW,Dadar,13:15,TUESDAY,CLOUDY,MEDIUM
CSMT_FAST,Virar,05:00,WEDNESDAY,CLOUDY,HIGH
CSMT_SLOW,Borivali,15:15,SATURDAY,CLEAR,LOW
CSMT_FAST,Borivali,16:45,FRIDAY,CLOUDY,LOW
CSMT_SLOW,Bhandup,17:00,THURSDAY,RAIN,HIGH
CSMT_FAST,Panvel,10:00,THURSDAY,RAIN,LOW
CSMT_SLOW,Andheri,18:45,THURSDAY,CLEAR,HIGH
CSMT_SLOW,Virar,06:30,WEDNESDAY,RAIN,LOW
CSMT_FAST,Dombivli,19:15,SUNDAY,CLOUDY,HIGH
CSMT_SLOW,Virar,16:15,SATURDAY,CLOUDY,LOW
CSMT_SLOW,Kurla,20:00,SUNDAY,CLOUDY,LOW
CSMT_FAST,Bandra,10:15,MONDAY,CLOUDY,MEDIUM
CSMT_SLOW,Nerul,09:45,TUESDAY,CLEAR,HIGH
CSMT_FAST,Kurla,06:30,SUNDAY,CLEAR,LOW
CSMT_FAST,Kanjurmarg,18:45,MONDAY,CLOUDY,HIGH
CSMT_SLOW,Andheri,22:30,SUNDAY,RAIN,LOW
CSMT_FAST,CSMT,21:45,TUESDAY,CLOUDY,MEDIUM
CSMT_SLOW,Virar,20:45,SUNDAY,CLEAR,LOW
CSMT_FAST,Byculla,13:45,SUNDAY,CLOUDY,LOW
CSMT_FAST,Nerul,19:45,FRIDAY,CLEAR,HIGH
CSMT_SLOW,Mulund,07:15,THURSDAY,CLOUDY,HIGH
CSMT_SLOW,Vashi,11:30,MONDAY,CLEAR,MEDIUM
CSMT_SLOW,Ghatkopar,19:15,SUNDAY,CLOUDY,HIGH
CSMT_SLOW,Andheri,05:00,SUNDAY,RAIN,LOW
CSMT_FAST,Dombivli,16:00,SATURDAY,CLEAR,LOW
CSMT_SLOW,Mulund,19:00,THURSDAY,RAIN,HIGH
CSMT_SLOW,Ghatkopar,14:00,SUNDAY,CLEAR,LOW
CSMT_SLOW,Ghatkopar,20:45,SATURDAY,RAIN,LOW
CSMT_SLOW,CSMT,06:15,SUNDAY,CLEAR,LOW
CSMT_SLOW,Thane,18:45,THURSDAY,RAIN,HIGH
CSMT_FAST,Nerul,09:15,FRIDAY,CLEAR,HIGH
CSMT_SLOW,Mulund,20:00,SUNDAY,CLOUDY,LOW
CSMT_FAST,Dadar,13:00,SUNDAY,RAIN,LOW
CSMT_FAST,Nerul,16:00,TUESDAY,CLOUDY,MEDIUM
CSMT_FAST,Andheri,17:30,FRIDAY,CLEAR,HIGH
CSMT_SLOW,Vashi,12:15,THURSDAY,RAIN,LOW
CSMT_SLOW,Nerul,17:45,TUESDAY,CLOUDY,HIGH
CSMT_SLOW,Vikhroli,11:15,MONDAY,CLOUDY,LOW
CSMT_FAST,Andheri,20:30,SATURDAY,RAIN,LOW
CSMT_FAST,CSMT,10:15,FRIDAY,CLEAR,HIGH
CSMT_SLOW,Virar,06:30,SUNDAY,CLEAR,LOW
CSMT_SLOW,Panvel,12:30,WEDNESDAY,RAIN,LOW
CSMT_SLOW,Mulund,13:00,WEDNESDAY,CLOUDY,LOW
CSMT_FAST,Kurla,11:00,FRIDAY,RAIN,MEDIUM
CSMT_FAST,Kalyan,13:45,WEDNESDAY,RAIN,LOW
CSMT_SLOW,Borivali,16:15,TUESDAY,CLEAR,HIGH
CSMT_FAST,Vikhroli,08:30,WEDNESDAY,RAIN,HIGH
CSMT_SLOW,Borivali,17:30,SATURDAY,RAIN,HIGH
CSMT_SLOW,Dombivli,15:45,THURSDAY,CLEAR,LOW
CSMT_FAST,Panvel,17:15,TUESDAY,CLOUDY,HIGH
CSMT_FAST,Bhandup,17:15,FRIDAY,RAIN,HIGH
CSMT_SLOW,Andheri,19:30,SATURDAY,CLOUDY,HIGH
CSMT_FAST,Dadar,22:00,FRIDAY,CLEAR,HIGH
CSMT_SLOW,Vikhroli,13:00,SATURDAY,CLOUDY,LOW
CSMT_FAST,CSMT,06:45,SATURDAY,CLEAR,LOW
CSMT_SLOW,Kurla,13:30,WEDNESDAY,CLOUDY,HIGH
CSMT_SLOW,Vashi,13:30,THURSDAY,RAIN,LOW
CSMT_FAST,Kanjurmarg,05:45,MONDAY,CLEAR,HIGH
CSMT_FAST,Virar,16:45,THURSDAY,RAIN,HIGH
CSMT_FAST,Vashi,22:45,SATURDAY,RAIN,LOW
CSMT_SLOW,Dombivli,23:30,MONDAY,RAIN,MEDIUM
CSMT_FAST,Vashi,05:30,FRIDAY,RAIN,MEDIUM
CSMT_SLOW,Byculla,15:30,MONDAY,CLOUDY,HIGH
CSMT_SLOW,Panvel,10:30,FRIDAY,CLEAR,LOW
CSMT_FAST,Kurla,10:45,SUNDAY,CLEAR,LOW
CSMT_SLOW,Borivali,20:15,THURSDAY,CLOUDY,MEDIUM
CSMT_SLOW,Bhandup,15:00,THURSDAY,RAIN,HIGH
CSMT_FAST,Bhandup,05:30,SUNDAY,RAIN,LOW
CSMT_SLOW,Panvel,08:30,FRIDAY,CLEAR,HIGH
CSMT_SLOW,Vashi,06:00,MONDAY,CLEAR,LOW
CSMT_FAST,Thane,08:30,MONDAY,CLOUDY,HIGH
CSMT_FAST,Kalyan,23:15,FRIDAY,CLEAR,HIGH
CSMT_SLOW,Vashi,17:00,TUESDAY,RAIN,HIGH
CSMT_FAST,Vashi,20:15,MONDAY,CLEAR,MEDIUM
CSMT_SLOW,Vashi,08:30,THURSDAY,CLEAR,HIGH
CSMT_FAST,CSMT,20:15,THURSDAY,CLEAR,MEDIUM
CSMT_SLOW,Vashi,15:15,SATURDAY,CLOUDY,LOW
CSMT_FAST,Kanjurmarg,22:30,TUESDAY,CLOUDY,HIGH
CSMT_FAST,Byculla,11:30,MONDAY,RAIN,MEDIUM
CSMT_FAST,Vashi,23:00,THURSDAY,CLEAR,LOW
CSMT_SLOW,Ghatkopar,20:15,THURSDAY,CLOUDY,HIGH
CSMT_SLOW,CSMT,18:30,SATURDAY,CLOUDY,HIGH
CSMT_FAST,Panvel,22:30,SUNDAY,RAIN,LOW
CSMT_SLOW,Kanjurmarg,20:15,SUNDAY,CLEAR,LOW
CSMT_FAST,Bhandup,12:30,TUESDAY,CLEAR,LOW
CSMT_SLOW,CSMT,22:45,FRIDAY,CLOUDY,HIGH
CSMT_FAST,Dombivli,05:15,WEDNESDAY,RAIN,HIGH
CSMT_SLOW,Bhandup,12:45,WEDNESDAY,RAIN,MEDIUM
CSMT_FAST,Thane,10:00,WEDNESDAY,RAIN,MEDIUM
CSMT_SLOW,Vikhroli,06:30,TUESDAY,CLOUDY,LOW
CSMT_FAST,Dombivli,05:30,THURSDAY,CLOUDY,HIGH
CSMT_FAST,Kurla,10:00,MONDAY,CLEAR,HIGH
CSMT_SLOW,Dombivli,16:45,WEDNESDAY,RAIN,HIGH
CSMT_FAST,Kanjurmarg,10:00,SATURDAY,RAIN,LOW
CSMT_SLOW,Virar,10:15,WEDNESDAY,CLEAR,LOW
CSMT_FAST,Vikhroli,15:30,WEDNESDAY,CLOUDY,MEDIUM
CSMT_SLOW,Vikhroli,17:00,SATURDAY,CLOUDY,HIGH
CSMT_FAST,Dombivli,09:00,MONDAY,CLOUDY,HIGH
CSMT_SLOW,Kalyan,05:00,SUNDAY,CLOUDY,LOW
CSMT_SLOW,Kalyan,12:00,THURSDAY,RAIN,MEDIUM
CSMT_SLOW,Kalyan,19:45,WEDNESDAY,CLEAR,HIGH
CSMT_FAST,Kalyan,18:15,WEDNESDAY,CLOUDY,HIGH
CSMT_SLOW,Borivali,17:00,THURSDAY,CLOUDY,HIGH
CSMT_SLOW,CSMT,18:00,SATURDAY,RAIN,HIGH
CSMT_SLOW,Andheri,22:30,TUESDAY,CLEAR,HIGH
CSMT_SLOW,Mulund,19:15,SUNDAY,RAIN,HIGH
CSMT_FAST,Vikhroli,09:30,THURSDAY,CLEAR,HIGH
CSMT_FAST,Vikhroli,20:00,MONDAY,CLOUDY,MEDIUM
CSMT_SLOW,Bandra,09:45,THURSDAY,CLEAR,HIGH
CSMT_FAST,Vashi,11:45,SATURDAY,CLEAR,LOW
CSMT_FAST,Nerul,08:45,WEDNESDAY,CLEAR,HIGH
CSMT_SLOW,Vashi,18:15,MONDAY,RAIN,HIGH
CSMT_FAST,Kurla,19:30,THURSDAY,RAIN,HIGH
CSMT_FAST,Dombivli,05:45,MONDAY,CLOUDY,LOW
CSMT_FAST,Virar,16:00,FRIDAY,RAIN,MEDIUM
CSMT_FAST,Vikhroli,05:45,TUESDAY,RAIN,MEDIUM
CSMT_SLOW,Mulund,05:00,WEDNESDAY,CLEAR,MEDIUM
CSMT_FAST,Vashi,17:00,TUESDAY,RAIN,HIGH
CSMT_SLOW,Bandra,08:30,FRIDAY,CLOUDY,HIGH
CSMT_SLOW,Kurla,07:45,SUNDAY,CLEAR,HIGH
CSMT_SLOW,Ghatkopar,12:15,WEDNESDAY,CLOUDY,MEDIUM
CSMT_FAST,Borivali,06:45,FRIDAY,RAIN,MEDIUM
CSMT_SLOW,CSMT,09:00,THURSDAY,RAIN,HIGH
CSMT_FAST,Ghatkopar,09:15,SUNDAY,RAIN,HIGH
CSMT_FAST,Byculla,12:15,THURSDAY,CLOUDY,LOW
CSMT_FAST,Kalyan,16:45,MONDAY,RAIN,LOW
CSMT_FAST,Kurla,17:30,SUNDAY,CLEAR,HIGH
CSMT_SLOW,Byculla,19:45,SUNDAY,CLEAR,HIGH
CSMT_FAST,Panvel,11:00,WEDNESDAY,RAIN,LOW
CSMT_SLOW,Nerul,07:15,SUNDAY,RAIN,HIGH
CSMT_SLOW,Panvel,21:30,THURSDAY,CLEAR,MEDIUM
CSMT_SLOW,Virar,19:00,SUNDAY,CLEAR,HIGH
CSMT_SLOW,Dadar,22:30,WEDNESDAY,CLOUDY,MEDIUM
CSMT_FAST,Thane,14:00,TUESDAY,RAIN,LOW
CSMT_FAST,Byculla,16:00,SATURDAY,RAIN,LOW
CSMT_SLOW,Andheri,20:45,MONDAY,CLOUDY,LOW
CSMT_SLOW,Vashi,21:45,THURSDAY,CLOUDY,MEDIUM
CSMT_FAST,Bhandup,18:45,WEDNESDAY,RAIN,HIGH
CSMT_SLOW,Vikhroli,09:30,FRIDAY,RAIN,HIGH
CSMT_SLOW,Nerul,15:45,SATURDAY,CLEAR,LOW
CSMT_FAST,Byculla,10:00,MONDAY,CLOUDY,HIGH
CSMT_SLOW,Ghatkopar,18:45,SUNDAY,CLEAR,HIGH
CSMT_FAST,Bandra,22:15,TUESDAY,CLEAR,MEDIUM
CSMT_SLOW,Borivali,15:45,SUNDAY,CLOUDY,LOW
CSMT_SLOW,CSMT,10:15,TUESDAY,RAIN,MEDIUM
CSMT_FAST,Andheri,21:00,MONDAY,CLEAR,MEDIUM
CSMT_FAST,Kanjurmarg,10:30,FRIDAY,RAIN,HIGH
CSMT_FAST,Kalyan,14:30,FRIDAY,CLEAR,MEDIUM
CSMT_FAST,Dadar,07:45,THURSDAY,RAIN,HIGH
CSMT_SLOW,Kurla,20:15,SATURDAY,CLEAR,LOW
CSMT_FAST,Ghatkopar,12:30,FRIDAY,CLOUDY,HIGH
CSMT_SLOW,Ghatkopar,22:00,TUESDAY,RAIN,HIGH
CSMT_FAST,Vashi,20:15,MONDAY,CLEAR,LOW
CSMT_SLOW,Borivali,15:00,SATURDAY,RAIN,LOW
CSMT_FAST,Kanjurmarg,07:45,TUESDAY,RAIN,HIGH
CSMT_SLOW,Ghatkopar,06:45,TUESDAY,CLOUDY,LOW
CSMT_SLOW,CSMT,10:45,TUESDAY,RAIN,MEDIUM
CSMT_FAST,Borivali,19:45,MONDAY,CLOUDY,HIGH
CSMT_SLOW,Kurla,14:30,WEDNESDAY,CLEAR,MEDIUM
CSMT_SLOW,Bandra,18:15,WEDNESDAY,CLOUDY,HIGH
CSMT_FAST,Byculla,08:00,THURSDAY,CLEAR,HIGH
CSMT_FAST,Vashi,09:15,SATURDAY,RAIN,HIGH
CSMT_SLOW,Panvel,21:45,SATURDAY,CLEAR,LOW
CSMT_SLOW,Thane,05:15,FRIDAY,RAIN,MEDIUM
CSMT_SLOW,CSMT,23:00,WEDNESDAY,CLOUDY,LOW
CSMT_SLOW,Kalyan,13:45,SATURDAY,CLOUDY,LOW
CSMT_FAST,Bandra,06:00,FRIDAY,CLOUDY,MEDIUM
CSMT_SLOW,Ghatkopar,20:00,WEDNESDAY,CLEAR,LOW
CSMT_FAST,Mulund,23:45,WEDNESDAY,CLEAR,MEDIUM
CSMT_FAST,Bandra,06:00,WEDNESDAY,CLEAR,MEDIUM
CSMT_SLOW,Dadar,13:30,SUNDAY,CLEAR,LOW
CSMT_SLOW,Ghatkopar,12:00,SUNDAY,CLOUDY,LOW
CSMT_FAST,Mulund,23:00,SATURDAY,CLEAR,LOW
CSMT_FAST,CSMT,10:15,SUNDAY,CLEAR,LOW
CSMT_SLOW,Bhandup,07:15,THURSDAY,CLOUDY,HIGH
CSMT_SLOW,Vikhroli,07:30,MONDAY,CLOUDY,HIGH
CSMT_SLOW,Panvel,19:15,SATURDAY,RAIN,HIGH
CSMT_FAST,Borivali,14:45,WEDNESDAY,RAIN,HIGH
CSMT_SLOW,Andheri,07:15,WEDNESDAY,CLOUDY,HIGH
CSMT_FAST,Kalyan,17:45,WEDNESDAY,CLOUDY,HIGH
CSMT_FAST,CSMT,23:30,SUNDAY,CLEAR,LOW
CSMT_SLOW,Thane,14:30,FRIDAY,CLOUDY,MEDIUM
CSMT_FAST,Bandra,14:00,SUNDAY,CLEAR,LOW
CSMT_SLOW,Panvel,08:45,THURSDAY,RAIN,HIGH
CSMT_SLOW,Kurla,20:45,FRIDAY,CLEAR,HIGH
CSMT_SLOW,Bandra,15:45,TUESDAY,RAIN,MEDIUM
CSMT_FAST,Kanjurmarg,21:30,TUESDAY,RAIN,MEDIUM
CSMT_FAST,Panvel,14:45,FRIDAY,CLEAR,MEDIUM
CSMT_SLOW,Borivali,09:45,FRIDAY,CLOUDY,HIGH
CSMT_SLOW,Kalyan,11:00,MONDAY,CLOUDY,HIGH
CSMT_SLOW,Vikhroli,11:30,SUNDAY,CLOUDY,LOW
CSMT_FAST,Mulund,21:30,TUESDAY,RAIN,HIGH
CSMT_SLOW,CSMT,20:30,MONDAY,RAIN,HIGH
CSMT_FAST,Andheri,06:30,FRIDAY,RAIN,MEDIUM
CSMT_FAST,Byculla,16:45,SUNDAY,CLEAR,LOW
CSMT_SLOW,Dadar,09:30,SATURDAY,CLEAR,HIGH
CSMT_SLOW,Vashi,09:15,THURSDAY,RAIN,HIGH
CSMT_FAST,Mulund,18:00,THURSDAY,CLOUDY,HIGH
CSMT_FAST,Kurla,18:00,WEDNESDAY,CLOUDY,HIGH
CSMT_SLOW,Kalyan,09:15,TUESDAY,RAIN,HIGH
CSMT_FAST,Vashi,08:15,WEDNESDAY,RAIN,HIGH
CSMT_SLOW,Mulund,10:15,FRIDAY,RAIN,LOW
CSMT_FAST,Mulund,06:45,SATURDAY,RAIN,LOW
CSMT_FAST,Panvel,14:30,TUESDAY,RAIN,LOW
CSMT_SLOW,Mulund,10:30,FRIDAY,CLEAR,LOW
CSMT_SLOW,Vikhroli,09:45,THURSDAY,CLEAR,HIGH
CSMT_SLOW,Borivali,14:45,MONDAY,CLOUDY,MEDIUM
CSMT_SLOW,Dombivli,12:30,MONDAY,CLOUDY,MEDIUM
CSMT_SLOW,Thane,05:30,FRIDAY,CLOUDY,HIGH
CSMT_FAST,Andheri,19:45,MONDAY,CLOUDY,HIGH
CSMT_FAST,Kurla,12:30,TUESDAY,CLEAR,MEDIUM
CSMT_SLOW,Mulund,05:45,SATURDAY,CLOUDY,LOW
CSMT_FAST,Ghatkopar,14:15,TUESDAY,RAIN,MEDIUM
CSMT_FAST,Bhandup,14:15,FRIDAY,CLOUDY,HIGH
CSMT_SLOW,Vikhroli,20:45,WEDNESDAY,RAIN,MEDIUM
CSMT_FAST,Nerul,18:00,WEDNESDAY,CLEAR,HIGH
CSMT_SLOW,Panvel,21:15,SUNDAY,CLOUDY,LOW
CSMT_SLOW,Thane,21:00,SATURDAY,CLEAR,LOW
CSMT_SLOW,Byculla,20:00,MONDAY,CLOUDY,HIGH
CSMT_SLOW,Bhandup,17:00,SATURDAY,CLOUDY,HIGH
CSMT_FAST,Virar,10:45,SATURDAY,CLOUDY,LOW
CSMT_SLOW,Dombivli,20:15,TUESDAY,CLOUDY,LOW
CSMT_SLOW,CSMT,13:15,MONDAY,CLEAR,MEDIUM
CSMT_FAST,Kalyan,20:30,TUESDAY,CLEAR,LOW
CSMT_FAST,Ghatkopar,23:15,TUESDAY,CLEAR,LOW
CSMT_SLOW,Bandra,23:45,MONDAY,CLEAR,LOW
CSMT_FAST,Mulund,22:45,SATURDAY,CLOUDY,LOW
CSMT_FAST,Panvel,09:15,MONDAY,CLOUDY,HIGH
CSMT_FAST,CSMT,09:30,WEDNESDAY,CLEAR,HIGH
CSMT_SLOW,Dombivli,21:30,THURSDAY,RAIN,MEDIUM
CSMT_FAST,Bhandup,14:00,FRIDAY,CLOUDY,MEDIUM
CSMT_FAST,Kalyan,05:45,SATURDAY,CLOUDY,LOW
CSMT_SLOW,Dombivli,21:15,MONDAY,CLEAR,HIGH
CSMT_SLOW,Vikhroli,06:45,MONDAY,CLEAR,MEDIUM
CSMT_SLOW,Thane,11:30,TUESDAY,RAIN,HIGH
CSMT_FAST,Nerul,20:30,FRIDAY,CLOUDY,MEDIUM
CSMT_FAST,Kalyan,21:45,TUESDAY,CLEAR,HIGH
CSMT_FAST,Vikhroli,05:00,WEDNESDAY,CLOUDY,MEDIUM
CSMT_SLOW,Vashi,11:30,WEDNESDAY,CLOUDY,HIGH
CSMT_SLOW,Mulund,05:00,SUNDAY,CLEAR,LOW
CSMT_FAST,Bhandup,11:00,THURSDAY,CLOUDY,LOW
CSMT_FAST,Byculla,13:15,WEDNESDAY,RAIN,MEDIUM
CSMT_FAST,Kurla,20:15,SUNDAY,CLEAR,LOW
CSMT_FAST,Byculla,14:45,THURSDAY,CLOUDY,MEDIUM
CSMT_SLOW,Kurla,12:45,WEDNESDAY,CLOUDY,HIGH
CSMT_FAST,Dombivli,10:00,MONDAY,CLOUDY,HIGH
CSMT_FAST,Vikhroli,23:45,WEDNESDAY,RAIN,LOW
CSMT_FAST,Nerul,09:00,THURSDAY,CLEAR,HIGH
CSMT_FAST,Andheri,21:00,WEDNESDAY,RAIN,HIGH
CSMT_SLOW,Vikhroli,08:00,SATURDAY,CLEAR,HIGH
CSMT_SLOW,CSMT,16:45,SUNDAY,RAIN,LOW
CSMT_FAST,Kalyan,13:45,SATURDAY,CLEAR,LOW
CSMT_SLOW,Dadar,05:15,SUNDAY,CLOUDY,LOW
CSMT_FAST,Nerul,17:00,WEDNESDAY,CLEAR,HIGH
CSMT_SLOW,Panvel,14:30,TUESDAY,CLOUDY,MEDIUM
CSMT_FAST,Bandra,15:00,WEDNESDAY,RAIN,MEDIUM
CSMT_FAST,Vikhroli,20:45,MONDAY,RAIN,HIGH
CSMT_SLOW,Mulund,23:45,SUNDAY,RAIN,LOW
CSMT_SLOW,Bandra,07:45,FRIDAY,CLEAR,HIGH
CSMT_FAST,Kurla,17:15,MONDAY,RAIN,HIGH
CSMT_SLOW,Bhandup,23:45,SUNDAY,RAIN,LOW
CSMT_SLOW,Nerul,16:15,SATURDAY,CLEAR,LOW
CSMT_SLOW,Thane,20:45,WEDNESDAY,CLEAR,HIGH
CSMT_FAST,Vikhroli,17:45,WEDNESDAY,RAIN,HIGH
CSMT_FAST,Byculla,06:15,MONDAY,CLOUDY,MEDIUM
CSMT_SLOW,Vashi,21:30,SUNDAY,CLEAR,LOW
CSMT_FAST,Vashi,18:45,THURSDAY,CLEAR,HIGH
CSMT_SLOW,Byculla,18:30,THURSDAY,RAIN,HIGH
CSMT_SLOW,Vikhroli,08:00,SUNDAY,CLOUDY,HIGH
CSMT_FAST,Vikhroli,12:45,SUNDAY,RAIN,LOW
CSMT_FAST,Nerul,17:15,SUNDAY,CLOUDY,HIGH
CSMT_FAST,Borivali,07:15,SUNDAY,CLEAR,HIGH
CSMT_FAST,Kanjurmarg,21:00,MONDAY,CLOUDY,MEDIUM
CSMT_FAST,Panvel,16:15,SATURDAY,CLEAR,LOW
CSMT_FAST,Nerul,11:15,FRIDAY,CLOUDY,HIGH
CSMT_FAST,Panvel,23:00,SATURDAY,CLOUDY,LOW
CSMT_SLOW,Mulund,13:30,SUNDAY,CLOUDY,LOW
CSMT_SLOW,Ghatkopar,17:15,FRIDAY,RAIN,HIGH
CSMT_FAST,Bhandup,07:30,MONDAY,CLOUDY,HIGH
CSMT_FAST,Ghatkopar,18:00,TUESDAY,CLEAR,HIGH
CSMT_SLOW,Dadar,19:45,WEDNESDAY,CLEAR,HIGH
CSMT_FAST,Thane,23:15,SUNDAY,CLOUDY,LOW
CSMT_FAST,CSMT,11:45,FRIDAY,RAIN,LOW
CSMT_SLOW,Bandra,19:00,THURSDAY,RAIN,HIGH
CSMT_SLOW,Borivali,23:15,MONDAY,RAIN,LOW
CSMT_FAST,Byculla,19:45,MONDAY,CLOUDY,HIGH
CSMT_FAST,Kanjurmarg,20:00,THURSDAY,CLEAR,LOW
CSMT_SLOW,CSMT,11:30,FRIDAY,CLEAR,HIGH
CSMT_SLOW,Kalyan,21:30,TUESDAY,RAIN,LOW
CSMT_SLOW,Panvel,20:45,FRIDAY,RAIN,HIGH
CSMT_FAST,Andheri,10:00,MONDAY,RAIN,LOW
CSMT_FAST,Byculla,09:00,TUESDAY,CLEAR,HIGH
CSMT_SLOW,Kanjurmarg,15:30,MONDAY,CLOUDY,MEDIUM
CSMT_FAST,Kurla,08:15,SUNDAY,RAIN,HIGH
CSMT_FAST,CSMT,15:45,FRIDAY,CLEAR,MEDIUM
CSMT_FAST,Virar,07:45,THURSDAY,RAIN,HIGH
CSMT_FAST,Kurla,06:00,SUNDAY,RAIN,LOW
CSMT_SLOW,Dombivli,05:45,MONDAY,CLEAR,LOW
CSMT_FAST,Vikhroli,10:15,TUESDAY,RAIN,HIGH
CSMT_SLOW,Dadar,17:00,SATURDAY,RAIN,HIGH
CSMT_SLOW,Kalyan,12:45,FRIDAY,RAIN,MEDIUM
CSMT_FAST,Panvel,13:30,SATURDAY,CLOUDY,LOW
CSMT_FAST,Bandra,06:15,SUNDAY,RAIN,LOW
CSMT_FAST,Virar,15:30,MONDAY,CLOUDY,LOW
CSMT_SLOW,Kurla,16:00,SATURDAY,CLOUDY,LOW
CSMT_FAST,Borivali,15:45,THURSDAY,CLEAR,MEDIUM
CSMT_SLOW,Thane,21:45,MONDAY,CLOUDY,MEDIUM
CSMT_SLOW,Dombivli,22:45,SUNDAY,RAIN,LOW
CSMT_SLOW,Mulund,09:45,MONDAY,CLOUDY,HIGH
CSMT_FAST,Panvel,14:45,THURSDAY,CLOUDY,HIGH
CSMT_SLOW,Nerul,07:15,SUNDAY,CLEAR,HIGH
CSMT_FAST,Dombivli,23:30,TUESDAY,CLEAR,LOW
CSMT_SLOW,Mulund,14:45,TUESDAY,CLOUDY,MEDIUM
CSMT_FAST,Panvel,19:15,WEDNESDAY,RAIN,HIGH
CSMT_FAST,Ghatkopar,15:15,TUESDAY,RAIN,MEDIUM
CSMT_SLOW,Thane,05:15,THURSDAY,CLOUDY,HIGH
CSMT_SLOW,Dadar,06:00,SATURDAY,CLEAR,LOW
CSMT_SLOW,Nerul,10:30,TUESDAY,CLEAR,LOW
CSMT_FAST,Bandra,21:00,MONDAY,CLEAR,LOW
CSMT_SLOW,Kurla,10:30,SATURDAY,CLEAR,LOW
CSMT_FAST,Andheri,14:00,THURSDAY,CLOUDY,LOW
CSMT_FAST,Vikhroli,17:00,TUESDAY,CLOUDY,HIGH
CSMT_FAST,Mulund,08:15,FRIDAY,RAIN,HIGH
CSMT_FAST,Nerul,18:00,SUNDAY,CLEAR,HIGH
CSMT_FAST,Dadar,23:00,SATURDAY,CLOUDY,LOW
CSMT_FAST,Thane,13:00,TUESDAY,CLOUDY,HIGH
CSMT_SLOW,Vikhroli,17:00,FRIDAY,CLEAR,HIGH
CSMT_FAST,Vashi,07:30,THURSDAY,RAIN,HIGH
CSMT_FAST,Vikhroli,16:30,WEDNESDAY,RAIN,MEDIUM
CSMT_FAST,Vikhroli,14:30,MONDAY,CLEAR,LOW
CSMT_SLOW,Dombivli,21:45,TUESDAY,CLEAR,HIGH
CSMT_SLOW,Ghatkopar,07:00,WEDNESDAY,RAIN,HIGH
CSMT_SLOW,Kurla,16:45,FRIDAY,RAIN,MEDIUM
CSMT_FAST,Bandra,15:15,THURSDAY,CLOUDY,LOW
CSMT_SLOW,CSMT,05:45,MONDAY,CLEAR,MEDIUM
CSMT_SLOW,Virar,17:15,SUNDAY,RAIN,HIGH
CSMT_FAST,Byculla,08:45,THURSDAY,CLEAR,HIGH
CSMT_SLOW,Nerul,09:45,SATURDAY,RAIN,HIGH
CSMT_FAST,Vashi,17:45,SUNDAY,RAIN,HIGH
CSMT_FAST,Kalyan,23:30,THURSDAY,CLEAR,MEDIUM
CSMT_FAST,Bandra,18:45,WEDNESDAY,CLOUDY,HIGH
CSMT_FAST,Borivali,19:45,FRIDAY,RAIN,HIGH
CSMT_FAST,Kurla,07:30,SUNDAY,CLEAR,HIGH
CSMT_SLOW,Ghatkopar,22:15,THURSDAY,CLEAR,LOW
CSMT_SLOW,Mulund,12:30,SUNDAY,CLOUDY,LOW
CSMT_SLOW,Borivali,14:00,THURSDAY,RAIN,MEDIUM
CSMT_SLOW,Thane,21:15,WEDNESDAY,CLOUDY,LOW
CSMT_FAST,CSMT,05:00,TUESDAY,RAIN,LOW
CSMT_FAST,Byculla,07:30,MONDAY,CLOUDY,HIGH
CSMT_SLOW,Kurla,05:15,SATURDAY,CLEAR,LOW
CSMT_FAST,Byculla,23:45,FRIDAY,RAIN,LOW
CSMT_FAST,Vashi,16:30,THURSDAY,RAIN,HIGH
CSMT_SLOW,Kurla,17:15,THURSDAY,RAIN,HIGH
CSMT_FAST,Bhandup,09:15,SATURDAY,RAIN,HIGH
CSMT_FAST,Byculla,17:15,WEDNESDAY,RAIN,HIGH
CSMT_SLOW,Kalyan,21:00,FRIDAY,RAIN,LOW
CSMT_FAST,Dadar,18:00,WEDNESDAY,CLOUDY,HIGH
CSMT_SLOW,Virar,10:30,TUESDAY,CLEAR,HIGH
CSMT_FAST,Dadar,15:45,SUNDAY,CLEAR,LOW
CSMT_SLOW,Vikhroli,22:15,THURSDAY,CLOUDY,HIGH
CSMT_FAST,Kurla,14:15,SATURDAY,CLOUDY,LOW
CSMT_FAST,Vashi,19:00,SUNDAY,RAIN,HIGH
CSMT_FAST,Kurla,12:30,WEDNESDAY,CLEAR,LOW
CSMT_SLOW,Dadar,23:30,FRIDAY,RAIN,MEDIUM
CSMT_SLOW,Thane,13:45,WEDNESDAY,CLOUDY,MEDIUM
CSMT_FAST,Nerul,18:30,THURSDAY,CLEAR,HIGH
CSMT_SLOW,Borivali,12:15,FRIDAY,CLEAR,HIGH
CSMT_SLOW,Thane,08:00,WEDNESDAY,CLEAR,HIGH
CSMT_SLOW,Borivali,05:15,TUESDAY,CLOUDY,LOW
CSMT_FAST,Bandra,19:30,THURSDAY,RAIN,HIGH
CSMT_FAST,Vashi,15:15,WEDNESDAY,CLOUDY,HIGH
CSMT_FAST,Andheri,10:30,TUESDAY,RAIN,HIGH
CSMT_SLOW,Bandra,20:45,SUNDAY,RAIN,LOW
CSMT_SLOW,Kurla,12:45,SATURDAY,RAIN,LOW
CSMT_FAST,CSMT,23:45,FRIDAY,CLEAR,LOW
CSMT_FAST,Kurla,08:45,MONDAY,RAIN,HIGH
CSMT_SLOW,Bandra,08:15,TUESDAY,CLOUDY,HIGH
CSMT_FAST,Borivali,14:45,MONDAY,CLEAR,MEDIUM
CSMT_FAST,Kurla,13:15,SATURDAY,CLEAR,LOW
CSMT_FAST,Bhandup,20:15,SATURDAY,RAIN,LOW
CSMT_SLOW,CSMT,11:00,THURSDAY,CLOUDY,LOW
CSMT_SLOW,Nerul,08:00,THURSDAY,CLOUDY,HIGH
CSMT_FAST,Nerul,11:15,SATURDAY,CLOUDY,LOW
CSMT_SLOW,Thane,19:30,FRIDAY,CLOUDY,HIGH
CSMT_FAST,Vikhroli,19:00,WEDNESDAY,CLOUDY,HIGH
CSMT_FAST,Bandra,14:00,SUNDAY,CLOUDY,LOW
CSMT_FAST,Bandra,19:15,THURSDAY,CLEAR,HIGH
CSMT_FAST,Kanjurmarg,12:15,FRIDAY,CLEAR,MEDIUM
CSMT_FAST,Virar,06:15,THURSDAY,CLEAR,HIGH
CSMT_SLOW,Ghatkopar,17:00,MONDAY,CLOUDY,HIGH
CSMT_FAST,Virar,23:00,THURSDAY,CLOUDY,HIGH
CSMT_SLOW,Borivali,16:15,FRIDAY,CLEAR,HIGH
CSMT_FAST,Dadar,14:15,MONDAY,RAIN,HIGH
CSMT_SLOW,Vikhroli,11:30,MONDAY,RAIN,LOW
CSMT_FAST,Mulund,19:45,THURSDAY,RAIN,HIGH
CSMT_FAST,Thane,06:00,WEDNESDAY,CLOUDY,MEDIUM
CSMT_SLOW,Byculla,16:00,WEDNESDAY,RAIN,HIGH
CSMT_SLOW,Kanjurmarg,22:15,SUNDAY,CLOUDY,LOW
CSMT_SLOW,Bhandup,10:15,FRIDAY,CLOUDY,HIGH
CSMT_SLOW,Kalyan,06:30,WEDNESDAY,CLOUDY,HIGH
CSMT_FAST,Kanjurmarg,19:15,TUESDAY,CLOUDY,HIGH
CSMT_FAST,Kurla,17:15,FRIDAY,RAIN,HIGH
CSMT_FAST,Virar,05:30,TUESDAY,CLEAR,LOW
CSMT_FAST,Kanjurmarg,22:00,SUNDAY,RAIN,LOW
CSMT_FAST,Virar,17:00,FRIDAY,RAIN,HIGH
CSMT_FAST,Panvel,08:45,MONDAY,RAIN,HIGH
CSMT_SLOW,Bhandup,21:15,WEDNESDAY,CLOUDY,LOW
CSMT_FAST,Mulund,06:15,WEDNESDAY,RAIN,MEDIUM
CSMT_FAST,Virar,08:45,WEDNESDAY,RAIN,HIGH
CSMT_SLOW,Mulund,05:15,TUESDAY,RAIN,MEDIUM
CSMT_FAST,Thane,14:15,WEDNESDAY,CLEAR,MEDIUM
CSMT_SLOW,Nerul,07:45,WEDNESDAY,CLEAR,HIGH
CSMT_SLOW,Virar,18:15,SUNDAY,RAIN,HIGH
CSMT_FAST,Borivali,05:15,FRIDAY,RAIN,HIGH
CSMT_FAST,Kanjurmarg,07:00,WEDNESDAY,CLOUDY,HIGH
CSMT_SLOW,Andheri,17:00,TUESDAY,RAIN,HIGH
CSMT_SLOW,Andheri,15:45,FRIDAY,CLOUDY,LOW
CSMT_FAST,Byculla,08:15,SATURDAY,CLEAR,HIGH
CSMT_SLOW,Dadar,21:00,TUESDAY,RAIN,MEDIUM
CSMT_SLOW,Thane,16:30,WEDNESDAY,CLEAR,MEDIUM
CSMT_SLOW,Kalyan,10:00,MONDAY,CLEAR,MEDIUM
CSMT_FAST,Vashi,17:30,TUESDAY,CLEAR,HIGH
CSMT_SLOW,Bhandup,16:00,MONDAY,CLOUDY,HIGH
CSMT_FAST,Bandra,20:15,MONDAY,RAIN,HIGH
CSMT_FAST,CSMT,11:45,THURSDAY,CLOUDY,HIGH
CSMT_SLOW,Mulund,23:45,THURSDAY,CLOUDY,HIGH
CSMT_FAST,Andheri,16:15,MONDAY,CLEAR,MEDIUM
CSMT_FAST,Byculla,12:30,SUNDAY,CLEAR,LOW
CSMT_SLOW,Nerul,18:15,SATURDAY,CLOUDY,HIGH
CSMT_SLOW,Vashi,08:00,THURSDAY,CLEAR,HIGH
CSMT_FAST,Nerul,10:00,FRIDAY,RAIN,HIGH
CSMT_FAST,Thane,06:45,SATURDAY,CLEAR,LOW
CSMT_SLOW,Andheri,06:30,MONDAY,CLEAR,MEDIUM
CSMT_FAST,Kanjurmarg,21:30,SUNDAY,CLEAR,LOW
CSMT_FAST,Andheri,23:15,SATURDAY,CLEAR,LOW
CSMT_FAST,Virar,19:45,SATURDAY,CLEAR,HIGH
CSMT_SLOW,Borivali,18:00,FRIDAY,CLOUDY,HIGH
CSMT_SLOW,CSMT,21:15,TUESDAY,RAIN,LOW
CSMT_FAST,Vashi,16:30,FRIDAY,CLOUDY,HIGH
CSMT_FAST,Vashi,16:30,FRIDAY,RAIN,MEDIUM
CSMT_SLOW,Dadar,10:45,SATURDAY,CLEAR,LOW
CSMT_FAST,Dadar,18:45,WEDNESDAY,CLOUDY,HIGH
CSMT_SLOW,Nerul,05:15,SUNDAY,CLOUDY,LOW
CSMT_FAST,Panvel,15:45,MONDAY,CLOUDY,MEDIUM
CSMT_SLOW,Bandra,17:15,WEDNESDAY,CLOUDY,HIGH
CSMT_SLOW,Dadar,14:30,THURSDAY,CLEAR,MEDIUM
CSMT_FAST,Bandra,21:00,MONDAY,CLEAR,MEDIUM
CSMT_FAST,Ghatkopar,15:15,THURSDAY,RAIN,HIGH
CSMT_SLOW,Bandra,22:30,MONDAY,CLOUDY,LOW
CSMT_FAST,Nerul,18:30,SATURDAY,CLEAR,HIGH
CSMT_FAST,Vikhroli,16:45,WEDNESDAY,CLOUDY,HIGH
CSMT_SLOW,Kanjurmarg,12:00,THURSDAY,CLEAR,LOW
CSMT_SLOW,Bhandup,10:00,WEDNESDAY,RAIN,LOW
CSMT_FAST,Kanjurmarg,13:15,THURSDAY,CLOUDY,HIGH
CSMT_SLOW,Mulund,14:00,WEDNESDAY,RAIN,MEDIUM
CSMT_FAST,Kalyan,12:45,MONDAY,CLEAR,MEDIUM
CSMT_FAST,Nerul,11:15,SUNDAY,CLOUDY,LOW
CSMT_FAST,Mulund,08:00,SATURDAY,CLEAR,HIGH
CSMT_FAST,Kurla,07:30,THURSDAY,CLEAR,HIGH
CSMT_SLOW,Thane,18:45,TUESDAY,CLEAR,HIGH
CSMT_SLOW,Kurla,18:30,SATURDAY,RAIN,HIGH
CSMT_FAST,Borivali,22:00,FRIDAY,CLOUDY,MEDIUM
CSMT_SLOW,Andheri,14:15,FRIDAY,CLOUDY,LOW
CSMT_FAST,Bhandup,06:15,SATURDAY,CLOUDY,LOW
CSMT_SLOW,CSMT,05:00,MONDAY,CLEAR,MEDIUM
CSMT_FAST,Vashi,08:15,FRIDAY,RAIN,HIGH
CSMT_SLOW,CSMT,14:15,MONDAY,RAIN,LOW
CSMT_SLOW,Dadar,06:00,SATURDAY,CLEAR,LOW
CSMT_SLOW,Kalyan,21:30,SUNDAY,RAIN,LOW
CSMT_SLOW,Kurla,08:00,THURSDAY,RAIN,HIGH
CSMT_FAST,Ghatkopar,17:00,FRIDAY,CLOUDY,HIGH
CSMT_FAST,Bandra,10:30,SUNDAY,CLOUDY,LOW
CSMT_SLOW,Vikhroli,16:45,SATURDAY,CLOUDY,LOW
CSMT_SLOW,Borivali,06:45,TUESDAY,RAIN,HIGH
CSMT_SLOW,Dadar,18:00,SUNDAY,CLEAR,HIGH
CSMT_SLOW,CSMT,05:30,FRIDAY,CLOUDY,LOW
CSMT_FAST,Byculla,06:00,FRIDAY,CLOUDY,MEDIUM
CSMT_FAST,Andheri,15:30,FRIDAY,RAIN,MEDIUM
CSMT_FAST,Nerul,10:00,TUESDAY,CLOUDY,HIGH
CSMT_FAST,Andheri,14:15,MONDAY,CLEAR,MEDIUM
CSMT_SLOW,Borivali,08:30,SATURDAY,CLOUDY,HIGH
CSMT_FAST,Dombivli,20:30,THURSDAY,CLEAR,HIGH
CSMT_SLOW,Panvel,05:15,SUNDAY,CLEAR,LOW
CSMT_FAST,Bhandup,14:15,THURSDAY,CLOUDY,LOW
CSMT_SLOW,Kurla,11:15,MONDAY,CLOUDY,HIGH
CSMT_FAST,Virar,12:30,THURSDAY,CLEAR,HIGH
CSMT_FAST,Vashi,23:45,WEDNESDAY,CLEAR,MEDIUM
CSMT_SLOW,Byculla,23:30,WEDNESDAY,CLEAR,LOW
CSMT_FAST,CSMT,06:45,MONDAY,CLEAR,LOW
CSMT_FAST,Kurla,21:45,FRIDAY,RAIN,HIGH
CSMT_SLOW,Nerul,12:15,MONDAY,CLOUDY,HIGH
CSMT_SLOW,Virar,06:45,FRIDAY,CLOUDY,MEDIUM
CSMT_SLOW,CSMT,10:00,THURSDAY,CLEAR,MEDIUM
CSMT_SLOW,Nerul,10:15,MONDAY,CLOUDY,MEDIUM
CSMT_SLOW,Vashi,12:45,TUESDAY,CLEAR,MEDIUM
CSMT_SLOW,Bhandup,09:00,SATURDAY,CLOUDY,HIGH
CSMT_FAST,Bandra,09:15,SUNDAY,CLEAR,HIGH
CSMT_FAST,Vikhroli,23:00,SUNDAY,RAIN,LOW
CSMT_FAST,Mulund,11:30,SUNDAY,RAIN,LOW
CSMT_FAST,Borivali,07:45,SUNDAY,CLOUDY,HIGH
CSMT_SLOW,Bhandup,19:45,SATURDAY,CLOUDY,HIGH
CSMT_FAST,Thane,06:00,SATURDAY,CLEAR,LOW
CSMT_FAST,Kanjurmarg,18:00,TUESDAY,CLEAR,HIGH
CSMT_SLOW,Vikhroli,05:15,WEDNESDAY,RAIN,LOW
CSMT_SLOW,Mulund,13:00,FRIDAY,CLOUDY,HIGH
CSMT_FAST,Andheri,22:30,TUESDAY,RAIN,MEDIUM
CSMT_SLOW,Kalyan,08:30,SATURDAY,CLEAR,HIGH
CSMT_SLOW,Dadar,22:30,MONDAY,RAIN,MEDIUM
CSMT_SLOW,Andheri,10:15,FRIDAY,RAIN,LOW
CSMT_SLOW,Vikhroli,13:00,TUESDAY,CLOUDY,HIGH
CSMT_SLOW,Andheri,06:15,TUESDAY,RAIN,LOW
CSMT_SLOW,Byculla,08:15,SATURDAY,CLEAR,HIGH
CSMT_SLOW,Byculla,05:30,SUNDAY,CLOUDY,LOW
CSMT_SLOW,Dadar,19:45,MONDAY,CLOUDY,HIGH
CSMT_SLOW,CSMT,16:15,SUNDAY,CLEAR,LOW
CSMT_SLOW,Kanjurmarg,07:15,SUNDAY,CLEAR,HIGH
CSMT_FAST,Kurla,20:30,SATURDAY,CLEAR,LOW
CSMT_SLOW,Borivali,22:15,SUNDAY,RAIN,LOW
CSMT_FAST,Mulund,15:00,MONDAY,CLOUDY,MEDIUM
CSMT_FAST,Andheri,20:00,SUNDAY,RAIN,LOW
CSMT_FAST,Byculla,11:45,TUESDAY,CLOUDY,MEDIUM
CSMT_FAST,CSMT,18:00,THURSDAY,CLOUDY,HIGH
CSMT_FAST,CSMT,22:00,MONDAY,CLEAR,MEDIUM
CSMT_FAST,Panvel,23:45,WEDNESDAY,CLEAR,LOW
CSMT_FAST,Byculla,12:45,MONDAY,CLEAR,HIGH
CSMT_SLOW,Borivali,21:15,MONDAY,RAIN,HIGH
CSMT_FAST,Kanjurmarg,19:30,TUESDAY,CLEAR,HIGH
CSMT_SLOW,Nerul,17:00,WEDNESDAY,CLOUDY,HIGH
CSMT_FAST,Dadar,17:15,THURSDAY,RAIN,HIGH
CSMT_SLOW,Vashi,14:15,MONDAY,RAIN,MEDIUM
CSMT_FAST,Thane,18:00,WEDNESDAY,RAIN,HIGH
CSMT_SLOW,Kurla,09:15,FRIDAY,CLOUDY,HIGH
CSMT_FAST,Kalyan,19:00,THURSDAY,RAIN,HIGH
CSMT_FAST,Kalyan,11:00,TUESDAY,CLEAR,MEDIUM
CSMT_SLOW,Byculla,22:45,WEDNESDAY,RAIN,LOW
CSMT_SLOW,Virar,13:15,THURSDAY,RAIN,MEDIUM
CSMT_FAST,Vashi,05:45,MONDAY,CLEAR,HIGH
CSMT_SLOW,Thane,11:45,TUESDAY,CLOUDY,MEDIUM
CSMT_FAST,Andheri,20:00,SATURDAY,CLOUDY,LOW
CSMT_SLOW,Panvel,11:15,SUNDAY,CLEAR,LOW
CSMT_SLOW,Byculla,16:00,SATURDAY,RAIN,LOW
CSMT_SLOW,Ghatkopar,21:30,WEDNESDAY,CLEAR,LOW
CSMT_SLOW,Dadar,06:00,WEDNESDAY,CLOUDY,MEDIUM
CSMT_SLOW,Panvel,16:45,MONDAY,RAIN,LOW
CSMT_FAST,Ghatkopar,06:30,WEDNESDAY,CLEAR,HIGH
CSMT_FAST,Byculla,19:45,WEDNESDAY,CLEAR,HIGH
CSMT_FAST,Nerul,06:15,SUNDAY,RAIN,LOW
CSMT_FAST,Thane,22:15,MONDAY,CLOUDY,HIGH
CSMT_FAST,Mulund,14:15,WEDNESDAY,CLOUDY,MEDIUM
CSMT_SLOW,Bhandup,10:30,SATURDAY,RAIN,LOW
CSMT_FAST,Nerul,08:45,THURSDAY,RAIN,HIGH
CSMT_SLOW,CSMT,13:00,SATURDAY,CLOUDY,LOW
CSMT_FAST,Kurla,06:00,TUESDAY,CLEAR,MEDIUM
CSMT_FAST,Nerul,11:00,MONDAY,CLOUDY,MEDIUM
CSMT_SLOW,Borivali,21:45,TUESDAY,CLEAR,MEDIUM
CSMT_SLOW,Dadar,22:15,FRIDAY,CLOUDY,MEDIUM
CSMT_FAST,Borivali,06:45,THURSDAY,RAIN,LOW
CSMT_SLOW,Kurla,07:15,MONDAY,CLEAR,HIGH
CSMT_SLOW,Dombivli,05:15,THURSDAY,CLOUDY,HIGH
CSMT_SLOW,Virar,09:30,FRIDAY,RAIN,HIGH
CSMT_FAST,Vashi,18:00,WEDNESDAY,RAIN,HIGH
CSMT_SLOW,Thane,09:30,MONDAY,CLOUDY,HIGH
CSMT_FAST,Vikhroli,21:15,SATURDAY,CLOUDY,LOW
CSMT_FAST,Kanjurmarg,22:00,MONDAY,RAIN,LOW
CSMT_SLOW,Dombivli,06:00,FRIDAY,CLEAR,LOW
CSMT_SLOW,Nerul,21:00,SUNDAY,RAIN,LOW
CSMT_FAST,Dadar,11:00,WEDNESDAY,RAIN,HIGH
CSMT_FAST,Panvel,16:00,THURSDAY,CLOUDY,HIGH
CSMT_FAST,Thane,09:00,THURSDAY,CLOUDY,HIGH
CSMT_FAST,Borivali,09:00,FRIDAY,RAIN,HIGH
CSMT_FAST,Kurla,19:15,FRIDAY,RAIN,HIGH
CSMT_SLOW,Vikhroli,07:45,THURSDAY,CLOUDY,HIGH
CSMT_FAST,Kanjurmarg,18:15,THURSDAY,CLEAR,HIGH
CSMT_FAST,Byculla,11:45,THURSDAY,RAIN,LOW
CSMT_FAST,Nerul,20:15,SUNDAY,CLEAR,LOW
CSMT_SLOW,CSMT,19:45,SATURDAY,CLEAR,HIGH
CSMT_SLOW,Borivali,20:00,THURSDAY,RAIN,LOW
CSMT_SLOW,Andheri,15:30,TUESDAY,CLOUDY,HIGH
CSMT_SLOW,Thane,11:30,MONDAY,RAIN,HIGH
CSMT_SLOW,Dadar,06:00,SATURDAY,CLEAR,LOW
CSMT_FAST,Andheri,22:30,SUNDAY,CLEAR,LOW
CSMT_SLOW,Kanjurmarg,05:30,SUNDAY,RAIN,LOW
CSMT_FAST,Mulund,05:00,SUNDAY,RAIN,LOW
CSMT_FAST,Ghatkopar,20:00,FRIDAY,CLOUDY,MEDIUM
CSMT_FAST,Vashi,15:45,WEDNESDAY,RAIN,MEDIUM
CSMT_FAST,Byculla,13:45,FRIDAY,CLEAR,MEDIUM
CSMT_FAST,Bandra,10:45,SATURDAY,CLOUDY,LOW
CSMT_FAST,Byculla,15:00,TUESDAY,CLOUDY,LOW
CSMT_FAST,Bandra,06:30,SUNDAY,CLEAR,LOW
CSMT_FAST,Kurla,05:15,MONDAY,CLEAR,HIGH
CSMT_FAST,Thane,13:45,WEDNESDAY,RAIN,MEDIUM
CSMT_FAST,Bandra,15:00,FRIDAY,CLEAR,MEDIUM
CSMT_FAST,Kurla,22:45,THURSDAY,CLEAR,HIGH
CSMT_FAST,CSMT,10:45,THURSDAY,CLOUDY,LOW
CSMT_SLOW,Bhandup,16:45,SATURDAY,RAIN,LOW
CSMT_SLOW,Borivali,15:45,SUNDAY,CLOUDY,LOW
CSMT_SLOW,Ghatkopar,21:15,MONDAY,CLOUDY,HIGH
CSMT_SLOW,Kalyan,05:30,WEDNESDAY,RAIN,HIGH
CSMT_FAST,Bhandup,12:15,FRIDAY,RAIN,LOW
CSMT_SLOW,Byculla,07:15,MONDAY,RAIN,HIGH
CSMT_SLOW,Panvel,12:30,MONDAY,CLEAR,LOW
CSMT_FAST,CSMT,12:00,THURSDAY,CLEAR,HIGH
CSMT_SLOW,Nerul,17:30,SUNDAY,CLEAR,HIGH
CSMT_SLOW,Virar,05:45,WEDNESDAY,CLOUDY,LOW
CSMT_FAST,Byculla,20:15,TUESDAY,CLEAR,HIGH
CSMT_SLOW,Borivali,06:15,MONDAY,CLOUDY,MEDIUM
CSMT_SLOW,Bandra,17:30,SUNDAY,CLEAR,HIGH
CSMT_SLOW,Andheri,09:45,MONDAY,RAIN,HIGH
CSMT_SLOW,Kurla,08:15,TUESDAY,CLOUDY,HIGH
CSMT_SLOW,Dombivli,10:15,FRIDAY,CLEAR,HIGH
CSMT_FAST,Dombivli,18:45,MONDAY,CLEAR,HIGH
CSMT_FAST,Byculla,19:45,MONDAY,CLOUDY,HIGH
CSMT_FAST,Vashi,17:45,SUNDAY,CLOUDY,HIGH
CSMT_FAST,Vashi,16:45,TUESDAY,CLEAR,HIGH
CSMT_FAST,Borivali,19:45,FRIDAY,CLEAR,HIGH
CSMT_SLOW,Vashi,10:30,SUNDAY,RAIN,LOW
CSMT_SLOW,Kanjurmarg,13:15,THURSDAY,CLEAR,LOW
CSMT_SLOW,Dombivli,14:45,MONDAY,CLEAR,LOW
CSMT_FAST,Panvel,08:15,MONDAY,RAIN,HIGH
CSMT_SLOW,Panvel,13:15,THURSDAY,CLEAR,MEDIUM
CSMT_FAST,Mulund,11:45,THURSDAY,CLEAR,HIGH
CSMT_FAST,Byculla,20:00,WEDNESDAY,RAIN,HIGH
CSMT_FAST,Thane,15:15,WEDNESDAY,RAIN,HIGH
CSMT_SLOW,Thane,05:45,WEDNESDAY,CLOUDY,MEDIUM
CSMT_FAST,Borivali,07:15,WEDNESDAY,RAIN,HIGH
CSMT_SLOW,Thane,15:30,TUESDAY,CLEAR,LOW
CSMT_SLOW,Dadar,09:15,TUESDAY,RAIN,HIGH
CSMT_FAST,Panvel,23:45,TUESDAY,RAIN,HIGH
CSMT_SLOW,Kalyan,07:15,SUNDAY,CLEAR,HIGH
CSMT_FAST,Mulund,10:30,SATURDAY,RAIN,LOW
CSMT_SLOW,Byculla,09:45,TUESDAY,RAIN,HIGH
CSMT_SLOW,Kalyan,09:15,THURSDAY,CLEAR,HIGH
CSMT_FAST,Kanjurmarg,14:15,SATURDAY,CLEAR,LOW
CSMT_FAST,Dombivli,08:30,SUNDAY,RAIN,HIGH
CSMT_FAST,Ghatkopar,21:30,MONDAY,CLEAR,MEDIUM
CSMT_SLOW,Vikhroli,08:00,THURSDAY,CLEAR,HIGH
CSMT_SLOW,Nerul,12:00,WEDNESDAY,CLOUDY,LOW
CSMT_SLOW,Kalyan,09:00,TUESDAY,RAIN,HIGH
CSMT_SLOW,Kurla,07:15,WEDNESDAY,CLEAR,HIGH
CSMT_SLOW,Nerul,12:00,WEDNESDAY,CLOUDY,HIGH
CSMT_SLOW,Bhandup,23:30,TUESDAY,RAIN,HIGH
CSMT_SLOW,Panvel,19:30,MONDAY,CLEAR,HIGH
CSMT_SLOW,Nerul,22:00,TUESDAY,CLEAR,HIGH
CSMT_FAST,Dadar,17:30,THURSDAY,RAIN,HIGH
CSMT_FAST,Kanjurmarg,06:00,TUESDAY,CLEAR,MEDIUM
CSMT_SLOW,Andheri,09:45,THURSDAY,CLOUDY,HIGH
CSMT_FAST,Andheri,06:15,TUESDAY,CLEAR,LOW
CSMT_SLOW,Kanjurmarg,07:30,WEDNESDAY,CLEAR,HIGH
CSMT_FAST,Vashi,13:45,WEDNESDAY,CLEAR,HIGH
CSMT_SLOW,Nerul,21:00,SATURDAY,CLEAR,LOW
CSMT_FAST,Kanjurmarg,20:15,THURSDAY,CLEAR,LOW
CSMT_SLOW,Bandra,17:00,SATURDAY,RAIN,HIGH
CSMT_FAST,CSMT,09:45,FRIDAY,RAIN,HIGH
CSMT_SLOW,Andheri,06:45,TUESDAY,CLOUDY,MEDIUM
CSMT_SLOW,Dombivli,22:15,MONDAY,CLOUDY,MEDIUM
CSMT_SLOW,CSMT,09:45,TUESDAY,RAIN,HIGH
CSMT_SLOW,Andheri,06:45,TUESDAY,CLEAR,HIGH
CSMT_SLOW,Mulund,23:15,WEDNESDAY,CLOUDY,HIGH
CSMT_FAST,Bhandup,19:00,SUNDAY,RAIN,HIGH
CSMT_FAST,Kalyan,16:00,MONDAY,CLOUDY,LOW
CSMT_FAST,Borivali,09:30,THURSDAY,RAIN,HIGH
CSMT_SLOW,Mulund,08:00,FRIDAY,CLEAR,HIGH
CSMT_FAST,Kanjurmarg,07:30,MONDAY,CLEAR,HIGH
CSMT_SLOW,Andheri,21:15,SUNDAY,CLEAR,LOW
CSMT_FAST,Vikhroli,20:15,TUESDAY,CLEAR,HIGH
CSMT_FAST,Thane,15:00,WEDNESDAY,CLOUDY,HIGH
CSMT_FAST,Kanjurmarg,19:00,SUNDAY,CLEAR,HIGH
CSMT_SLOW,Thane,08:45,MONDAY,CLOUDY,HIGH
CSMT_FAST,Mulund,16:00,SATURDAY,CLEAR,LOW
CSMT_SLOW,Dombivli,10:30,SUNDAY,CLEAR,LOW
CSMT_FAST,Kurla,16:00,TUESDAY,CLOUDY,LOW
CSMT_SLOW,Kanjurmarg,17:15,SUNDAY,CLOUDY,HIGH
CSMT_FAST,Kalyan,11:45,WEDNESDAY,CLEAR,LOW
CSMT_SLOW,Vashi,07:15,MONDAY,CLOUDY,HIGH
CSMT_SLOW,CSMT,21:45,WEDNESDAY,CLOUDY,HIGH
CSMT_FAST,Mulund,12:15,SUNDAY,CLOUDY,LOW
CSMT_FAST,Andheri,06:15,MONDAY,CLOUDY,HIGH
CSMT_FAST,Kanjurmarg,20:15,WEDNESDAY,CLOUDY,LOW
CSMT_SLOW,Dadar,13:45,TUESDAY,CLEAR,HIGH
CSMT_SLOW,Vashi,07:00,WEDNESDAY,RAIN,HIGH
CSMT_SLOW,Ghatkopar,15:45,FRIDAY,CLEAR,MEDIUM
CSMT_FAST,Vashi,16:00,SUNDAY,CLOUDY,LOW
CSMT_SLOW,Vashi,11:15,MONDAY,RAIN,HIGH
CSMT_SLOW,Virar,15:30,MONDAY,RAIN,HIGH
CSMT_SLOW,Mulund,22:15,SUNDAY,CLEAR,LOW
CSMT_SLOW,Mulund,16:15,TUESDAY,RAIN,LOW
CSMT_FAST,Virar,17:30,FRIDAY,CLOUDY,HIGH
CSMT_FAST,CSMT,14:00,WEDNESDAY,CLOUDY,MEDIUM
CSMT_FAST,Andheri,17:45,WEDNESDAY,CLOUDY,HIGH
CSMT_FAST,Bandra,06:00,TUESDAY,CLOUDY,LOW
CSMT_FAST,Vashi,15:30,SUNDAY,CLOUDY,LOW
CSMT_SLOW,Mulund,15:45,MONDAY,RAIN,LOW
CSMT_SLOW,Kanjurmarg,08:00,WEDNESDAY,CLOUDY,HIGH
CSMT_SLOW,Bandra,09:00,SUNDAY,CLOUDY,HIGH
CSMT_FAST,Dadar,19:00,THURSDAY,CLOUDY,HIGH
CSMT_SLOW,Panvel,10:45,FRIDAY,CLOUDY,LOW
CSMT_FAST,Byculla,16:00,SUNDAY,CLEAR,LOW
CSMT_SLOW,Mulund,11:45,SATURDAY,RAIN,LOW
CSMT_FAST,Bhandup,17:30,SUNDAY,RAIN,HIGH
CSMT_FAST,Dombivli,10:15,WEDNESDAY,CLOUDY,HIGH
CSMT_FAST,Andheri,21:45,THURSDAY,CLEAR,MEDIUM
CSMT_SLOW,Bandra,19:45,WEDNESDAY,CLEAR,HIGH
CSMT_FAST,Andheri,15:30,THURSDAY,CLOUDY,HIGH
CSMT_FAST,Virar,06:45,TUESDAY,RAIN,HIGH
CSMT_FAST,Bandra,23:00,FRIDAY,CLOUDY,HIGH
CSMT_FAST,CSMT,14:00,WEDNESDAY,RAIN,LOW
CSMT_SLOW,Virar,17:15,TUESDAY,CLEAR,HIGH
CSMT_SLOW,Vashi,12:30,SATURDAY,RAIN,LOW
CSMT_FAST,Byculla,08:30,MONDAY,RAIN,HIGH
CSMT_FAST,Byculla,18:00,SUNDAY,CLOUDY,HIGH
CSMT_SLOW,Bandra,23:30,MONDAY,CLOUDY,HIGH
CSMT_FAST,Andheri,20:00,SATURDAY,RAIN,LOW
CSMT_FAST,Kurla,20:30,THURSDAY,RAIN,LOW
CSMT_FAST,Kurla,07:15,FRIDAY,RAIN,HIGH
CSMT_FAST,Kanjurmarg,18:45,TUESDAY,CLEAR,HIGH
CSMT_FAST,Byculla,05:45,THURSDAY,CLOUDY,HIGH
CSMT_SLOW,Bhandup,22:15,TUESDAY,RAIN,HIGH
CSMT_SLOW,Nerul,16:45,THURSDAY,CLEAR,HIGH
CSMT_FAST,Bhandup,21:30,MONDAY,RAIN,HIGH
CSMT_SLOW,Thane,17:15,FRIDAY,CLEAR,HIGH
CSMT_SLOW,Kanjurmarg,11:15,THURSDAY,CLOUDY,HIGH
CSMT_FAST,Virar,08:15,TUESDAY,RAIN,HIGH
CSMT_SLOW,Kanjurmarg,21:45,TUESDAY,CLEAR,HIGH
CSMT_SLOW,Nerul,23:30,TUESDAY,CLOUDY,MEDIUM
CSMT_FAST,Vikhroli,07:45,SUNDAY,CLOUDY,HIGH
CSMT_FAST,Nerul,05:15,FRIDAY,CLEAR,HIGH
CSMT_FAST,Kalyan,08:15,TUESDAY,CLEAR,HIGH
CSMT_FAST,Nerul,16:00,FRIDAY,CLOUDY,LOW
CSMT_FAST,Dadar,07:30,FRIDAY,CLOUDY,HIGH
CSMT_SLOW,Kanjurmarg,18:15,WEDNESDAY,RAIN,HIGH
CSMT_FAST,Kurla,13:15,WEDNESDAY,CLOUDY,LOW
CSMT_SLOW,Vashi,13:30,FRIDAY,CLOUDY,MEDIUM
CSMT_SLOW,Andheri,17:15,SUNDAY,CLOUDY,HIGH
CSMT_SLOW,Vikhroli,17:45,THURSDAY,RAIN,HIGH
CSMT_SLOW,Kurla,13:00,SUNDAY,RAIN,LOW
CSMT_SLOW,Panvel,08:30,WEDNESDAY,RAIN,HIGH
CSMT_SLOW,Vikhroli,18:00,WEDNESDAY,CLEAR,HIGH
CSMT_FAST,Dombivli,16:00,TUESDAY,CLEAR,LOW
CSMT_SLOW,Andheri,14:30,TUESDAY,CLEAR,LOW
CSMT_FAST,Dombivli,16:45,MONDAY,CLOUDY,LOW
CSMT_SLOW,Vashi,20:00,TUESDAY,RAIN,LOW
CSMT_SLOW,Byculla,22:30,FRIDAY,CLEAR,HIGH
CSMT_FAST,Vashi,12:00,FRIDAY,RAIN,HIGH
CSMT_SLOW,Ghatkopar,18:30,MONDAY,CLOUDY,HIGH
CSMT_FAST,Virar,05:30,MONDAY,CLOUDY,LOW
CSMT_FAST,Borivali,11:00,THURSDAY,CLEAR,MEDIUM
CSMT_SLOW,Nerul,07:45,SATURDAY,CLOUDY,HIGH
CSMT_SLOW,Bandra,09:30,FRIDAY,CLEAR,HIGH
CSMT_SLOW,Kanjurmarg,13:45,WEDNESDAY,CLOUDY,LOW
CSMT_SLOW,CSMT,21:15,TUESDAY,CLEAR,LOW
CSMT_FAST,Nerul,12:15,TUESDAY,RAIN,LOW
CSMT_FAST,Andheri,05:30,THURSDAY,CLOUDY,HIGH
CSMT_FAST,Kanjurmarg,22:45,SUNDAY,CLOUDY,LOW
CSMT_FAST,Kalyan,16:15,WEDNESDAY,CLOUDY,MEDIUM
CSMT_FAST,Panvel,12:15,WEDNESDAY,CLEAR,LOW
CSMT_SLOW,Bandra,22:15,THURSDAY,CLEAR,LOW
CSMT_SLOW,Bhandup,12:45,TUESDAY,CLOUDY,LOW
CSMT_SLOW,Borivali,10:45,MONDAY,RAIN,MEDIUM
CSMT_SLOW,Panvel,11:15,SATURDAY,RAIN,LOW
CSMT_FAST,Andheri,16:15,SUNDAY,CLOUDY,LOW
CSMT_FAST,CSMT,15:00,THURSDAY,CLEAR,HIGH
CSMT_SLOW,Vashi,17:00,SUNDAY,CLEAR,HIGH
CSMT_SLOW,Ghatkopar,23:15,SATURDAY,CLOUDY,LOW
CSMT_SLOW,Dombivli,05:30,THURSDAY,CLEAR,HIGH
CSMT_FAST,Kanjurmarg,08:15,MONDAY,CLEAR,HIGH
CSMT_FAST,Panvel,07:45,TUESDAY,CLEAR,HIGH
CSMT_SLOW,Vashi,05:00,SUNDAY,CLEAR,LOW
CSMT_SLOW,Ghatkopar,10:45,FRIDAY,CLEAR,LOW
CSMT_SLOW,Andheri,21:30,WEDNESDAY,RAIN,HIGH
CSMT_SLOW,Nerul,21:15,THURSDAY,CLOUDY,LOW
CSMT_SLOW,Kanjurmarg,17:00,FRIDAY,RAIN,HIGH
CSMT_SLOW,Dombivli,11:15,SUNDAY,CLOUDY,LOW
CSMT_FAST,Vikhroli,15:30,SATURDAY,CLEAR,LOW
CSMT_SLOW,Byculla,08:30,THURSDAY,RAIN,HIGH
CSMT_SLOW,Nerul,11:30,TUESDAY,CLEAR,HIGH
CSMT_FAST,Nerul,08:45,TUESDAY,RAIN,HIGH
CSMT_FAST,Vashi,06:15,TUESDAY,CLEAR,MEDIUM
CSMT_FAST,Dadar,08:30,MONDAY,CLOUDY,HIGH
CSMT_FAST,Kalyan,12:45,SUNDAY,CLEAR,LOW
CSMT_SLOW,Kalyan,08:30,THURSDAY,CLOUDY,HIGH
CSMT_SLOW,Ghatkopar,11:00,SATURDAY,CLOUDY,LOW
CSMT_FAST,Kanjurmarg,17:30,WEDNESDAY,CLOUDY,HIGH
CSMT_SLOW,Kanjurmarg,17:15,TUESDAY,CLEAR,HIGH
CSMT_SLOW,Bandra,22:30,SATURDAY,CLOUDY,LOW
CSMT_FAST,Vashi,12:45,SUNDAY,RAIN,LOW
CSMT_SLOW,Mulund,17:15,FRIDAY,RAIN,HIGH
CSMT_FAST,Nerul,21:45,SATURDAY,RAIN,LOW
CSMT_FAST,Dombivli,10:30,FRIDAY,RAIN,MEDIUM
CSMT_SLOW,Ghatkopar,22:30,MONDAY,RAIN,MEDIUM
CSMT_FAST,Andheri,20:30,SATURDAY,CLOUDY,LOW
CSMT_SLOW,Andheri,05:30,MONDAY,CLEAR,MEDIUM
CSMT_FAST,CSMT,06:45,WEDNESDAY,CLEAR,LOW
CSMT_SLOW,Nerul,07:00,TUESDAY,CLEAR,HIGH
CSMT_SLOW,Byculla,12:00,SUNDAY,CLEAR,LOW
CSMT_SLOW,Ghatkopar,14:45,THURSDAY,CLOUDY,LOW
CSMT_SLOW,Thane,17:30,MONDAY,RAIN,HIGH
CSMT_FAST,Andheri,08:30,SUNDAY,CLEAR,HIGH
CSMT_FAST,Ghatkopar,11:45,SATURDAY,CLEAR,LOW
CSMT_SLOW,Bhandup,19:15,WEDNESDAY,CLOUDY,HIGH
CSMT_FAST,Mulund,16:30,THURSDAY,CLEAR,LOW
CSMT_SLOW,CSMT,13:30,SATURDAY,CLEAR,LOW
CSMT_SLOW,Bhandup,19:45,SATURDAY,CLOUDY,HIGH
CSMT_FAST,Thane,06:45,SUNDAY,CLEAR,LOW
CSMT_SLOW,Thane,07:00,MONDAY,RAIN,HIGH
CSMT_SLOW,Bandra,23:00,TUESDAY,CLOUDY,LOW
CSMT_SLOW,Thane,10:30,THURSDAY,RAIN,HIGH
CSMT_FAST,Andheri,21:45,SATURDAY,CLOUDY,LOW
CSMT_SLOW,Dombivli,12:15,THURSDAY,RAIN,MEDIUM
CSMT_SLOW,Vikhroli,06:15,SATURDAY,RAIN,LOW
CSMT_FAST,Byculla,16:00,THURSDAY,CLEAR,MEDIUM
CSMT_FAST,Nerul,06:00,SATURDAY,CLEAR,LOW
CSMT_FAST,Kurla,06:45,WEDNESDAY,CLEAR,HIGH
CSMT_FAST,Kalyan,08:15,SUNDAY,RAIN,HIGH
CSMT_FAST,CSMT,06:30,SATURDAY,CLOUDY,LOW
CSMT_SLOW,Vashi,07:00,TUESDAY,CLOUDY,HIGH
CSMT_FAST,Andheri,11:15,WEDNESDAY,CLEAR,MEDIUM
CSMT_FAST,Panvel,23:45,MONDAY,RAIN,MEDIUM
CSMT_SLOW,Panvel,23:15,THURSDAY,CLOUDY,MEDIUM
CSMT_FAST,Kurla,06:00,MONDAY,CLEAR,HIGH
CSMT_SLOW,Mulund,16:45,WEDNESDAY,CLEAR,HIGH
CSMT_SLOW,Dombivli,07:30,SATURDAY,CLOUDY,HIGH
CSMT_FAST,Byculla,21:30,MONDAY,RAIN,HIGH
CSMT_SLOW,Bandra,16:30,MONDAY,CLOUDY,MEDIUM
CSMT_SLOW,Dadar,17:45,SUNDAY,CLOUDY,HIGH
CSMT_FAST,Borivali,21:00,TUESDAY,CLEAR,MEDIUM
CSMT_SLOW,Thane,07:45,THURSDAY,RAIN,HIGH
CSMT_FAST,Vashi,09:15,TUESDAY,CLOUDY,HIGH
CSMT_FAST,Vashi,19:00,MONDAY,CLOUDY,HIGH
CSMT_FAST,Bhandup,16:15,SUNDAY,CLEAR,LOW
CSMT_FAST,Vikhroli,07:30,FRIDAY,CLEAR,HIGH
CSMT_FAST,Nerul,21:15,WEDNESDAY,RAIN,MEDIUM
CSMT_FAST,Andheri,17:15,WEDNESDAY,CLOUDY,HIGH
CSMT_FAST,CSMT,11:15,THURSDAY,RAIN,HIGH
CSMT_SLOW,Panvel,20:45,SATURDAY,RAIN,LOW
CSMT_FAST,Ghatkopar,09:30,SUNDAY,CLOUDY,HIGH
CSMT_FAST,Kalyan,16:30,TUESDAY,RAIN,MEDIUM
CSMT_FAST,Nerul,13:00,FRIDAY,RAIN,MEDIUM
CSMT_FAST,Kalyan,20:30,MONDAY,CLOUDY,HIGH
CSMT_FAST,Andheri,14:30,TUESDAY,RAIN,MEDIUM
CSMT_FAST,Byculla,15:15,SUNDAY,RAIN,LOW
CSMT_FAST,Bhandup,05:45,FRIDAY,RAIN,HIGH
CSMT_FAST,Dombivli,08:45,SATURDAY,CLEAR,HIGH
CSMT_FAST,Borivali,07:45,SUNDAY,RAIN,HIGH
CSMT_SLOW,Kanjurmarg,13:30,SUNDAY,RAIN,LOW
CSMT_SLOW,Vashi,12:30,WEDNESDAY,CLEAR,LOW
CSMT_SLOW,Dadar,10:30,SATURDAY,CLEAR,LOW
CSMT_SLOW,Kurla,11:00,THURSDAY,CLOUDY,MEDIUM
CSMT_FAST,Andheri,20:45,TUESDAY,CLEAR,LOW
CSMT_FAST,Kanjurmarg,08:00,SATURDAY,CLEAR,HIGH
CSMT_SLOW,Mulund,07:30,FRIDAY,CLEAR,HIGH
CSMT_SLOW,Nerul,19:45,WEDNESDAY,RAIN,HIGH
CSMT_SLOW,Bandra,19:15,WEDNESDAY,CLOUDY,HIGH
CSMT_FAST,Thane,07:15,FRIDAY,CLOUDY,HIGH
CSMT_SLOW,Kalyan,23:30,WEDNESDAY,RAIN,LOW
CSMT_FAST,Thane,13:15,SATURDAY,CLOUDY,LOW
CSMT_FAST,Bandra,19:15,TUESDAY,CLEAR,HIGH
CSMT_SLOW,Byculla,22:15,SATURDAY,CLEAR,LOW
CSMT_FAST,CSMT,13:45,TUESDAY,CLEAR,HIGH
CSMT_SLOW,Ghatkopar,15:15,SUNDAY,RAIN,LOW
CSMT_SLOW,Kalyan,17:45,WEDNESDAY,RAIN,HIGH
CSMT_SLOW,Byculla,13:00,TUESDAY,RAIN,MEDIUM
CSMT_FAST,Dombivli,06:30,TUESDAY,CLOUDY,LOW
CSMT_FAST,Kanjurmarg,21:00,FRIDAY,CLOUDY,HIGH
CSMT_FAST,Kanjurmarg,09:15,MONDAY,CLEAR,HIGH
CSMT_FAST,Vikhroli,10:45,WEDNESDAY,CLOUDY,LOW
CSMT_SLOW,Kurla,11:45,THURSDAY,CLEAR,MEDIUM
CSMT_FAST,Virar,06:30,MONDAY,RAIN,HIGH
CSMT_SLOW,Borivali,06:45,THURSDAY,RAIN,MEDIUM
CSMT_FAST,Bhandup,10:45,THURSDAY,CLOUDY,LOW
CSMT_SLOW,Byculla,20:15,SATURDAY,CLOUDY,LOW
CSMT_FAST,Thane,09:30,THURSDAY,CLEAR,HIGH
CSMT_SLOW,Virar,13:15,SUNDAY,RAIN,LOW
CSMT_FAST,Dombivli,05:45,MONDAY,CLOUDY,HIGH
CSMT_FAST,Dadar,19:00,FRIDAY,CLOUDY,HIGH
CSMT_SLOW,Kanjurmarg,05:45,SATURDAY,RAIN,LOW
CSMT_SLOW,Kalyan,08:30,THURSDAY,CLEAR,HIGH
CSMT_FAST,Byculla,08:30,FRIDAY,RAIN,HIGH
CSMT_FAST,Panvel,22:15,THURSDAY,RAIN,LOW
CSMT_FAST,Bhandup,18:45,MONDAY,CLOUDY,HIGH
CSMT_FAST,Mulund,08:30,FRIDAY,CLOUDY,HIGH
CSMT_FAST,Andheri,21:45,FRIDAY,CLEAR,MEDIUM
CSMT_SLOW,Vashi,14:30,TUESDAY,CLEAR,HIGH
CSMT_FAST,Virar,23:15,WEDNESDAY,CLEAR,HIGH
CSMT_SLOW,Mulund,13:45,FRIDAY,RAIN,MEDIUM
CSMT_FAST,Thane,22:45,WEDNESDAY,RAIN,LOW
CSMT_FAST,Dadar,05:45,WEDNESDAY,RAIN,LOW
CSMT_SLOW,Thane,12:00,TUESDAY,RAIN,MEDIUM
CSMT_SLOW,Kanjurmarg,13:15,SATURDAY,CLEAR,LOW
CSMT_FAST,Virar,08:45,MONDAY,RAIN,HIGH
CSMT_SLOW,Andheri,14:00,WEDNESDAY,CLOUDY,MEDIUM
CSMT_FAST,Panvel,22:45,THURSDAY,CLOUDY,MEDIUM
CSMT_SLOW,Dadar,22:30,THURSDAY,RAIN,MEDIUM
CSMT_SLOW,Borivali,13:00,MONDAY,CLOUDY,MEDIUM
CSMT_FAST,Bhandup,22:00,MONDAY,RAIN,MEDIUM
CSMT_FAST,Dadar,06:15,SATURDAY,CLOUDY,LOW
CSMT_FAST,Virar,05:15,WEDNESDAY,CLEAR,HIGH
CSMT_FAST,Kalyan,18:30,THURSDAY,CLOUDY,HIGH
CSMT_FAST,Nerul,05:15,WEDNESDAY,CLEAR,HIGH
CSMT_FAST,Virar,17:30,TUESDAY,CLEAR,HIGH
CSMT_FAST,Borivali,17:15,WEDNESDAY,RAIN,HIGH
CSMT_FAST,Ghatkopar,12:45,SUNDAY,CLOUDY,LOW
CSMT_FAST,Vikhroli,05:00,WEDNESDAY,RAIN,HIGH
CSMT_FAST,Kalyan,05:30,SUNDAY,CLOUDY,LOW
CSMT_FAST,Borivali,15:00,MONDAY,CLOUDY,LOW
CSMT_SLOW,CSMT,10:45,WEDNESDAY,CLEAR,LOW
CSMT_SLOW,Dadar,05:45,SATURDAY,CLOUDY,LOW
CSMT_FAST,CSMT,07:00,THURSDAY,CLEAR,HIGH
CSMT_SLOW,Ghatkopar,13:15,SUNDAY,CLOUDY,LOW
CSMT_SLOW,Mulund,14:00,THURSDAY,CLEAR,MEDIUM
CSMT_SLOW,Byculla,05:00,TUESDAY,CLEAR,MEDIUM
CSMT_SLOW,Bhandup,14:15,TUESDAY,CLOUDY,HIGH
CSMT_FAST,Kalyan,22:15,FRIDAY,CLOUDY,HIGH
CSMT_FAST,Virar,18:15,THURSDAY,RAIN,HIGH
CSMT_FAST,Mulund,13:30,WEDNESDAY,CLEAR,HIGH
CSMT_FAST,Dombivli,17:30,SATURDAY,CLEAR,HIGH
CSMT_SLOW,Bhandup,23:45,SUNDAY,CLEAR,LOW
CSMT_FAST,Vikhroli,13:15,THURSDAY,CLOUDY,HIGH
CSMT_FAST,Kurla,19:45,MONDAY,CLOUDY,HIGH
CSMT_FAST,Kurla,09:15,SATURDAY,CLOUDY,HIGH
CSMT_SLOW,Panvel,18:00,WEDNESDAY,CLOUDY,HIGH
CSMT_FAST,Vikhroli,21:15,TUESDAY,CLOUDY,MEDIUM
CSMT_FAST,Nerul,15:45,SATURDAY,CLOUDY,LOW
CSMT_SLOW,Byculla,11:30,SUNDAY,RAIN,LOW
CSMT_SLOW,Dombivli,08:45,SATURDAY,RAIN,HIGH
CSMT_FAST,Bandra,06:15,FRIDAY,CLEAR,HIGH
CSMT_SLOW,Bandra,07:00,WEDNESDAY,CLOUDY,HIGH
CSMT_SLOW,Bandra,18:45,SUNDAY,CLOUDY,HIGH
CSMT_SLOW,Vikhroli,18:45,FRIDAY,CLEAR,HIGH
CSMT_FAST,Panvel,16:00,MONDAY,RAIN,LOW
CSMT_FAST,Bhandup,20:45,FRIDAY,RAIN,LOW
CSMT_SLOW,Thane,13:45,TUESDAY,CLEAR,LOW
CSMT_FAST,Thane,23:00,THURSDAY,RAIN,MEDIUM
CSMT_SLOW,Panvel,15:15,SATURDAY,CLEAR,LOW
CSMT_FAST,CSMT,19:30,THURSDAY,RAIN,HIGH
CSMT_SLOW,Vashi,11:45,SATURDAY,CLEAR,LOW
CSMT_SLOW,Byculla,05:45,SUNDAY,CLOUDY,LOW
CSMT_SLOW,Vashi,17:00,MONDAY,RAIN,HIGH
CSMT_SLOW,Virar,09:00,SATURDAY,CLEAR,HIGH
CSMT_FAST,Kalyan,20:15,FRIDAY,RAIN,MEDIUM
CSMT_SLOW,Thane,16:00,THURSDAY,RAIN,MEDIUM
CSMT_SLOW,Kalyan,10:15,SUNDAY,RAIN,LOW
CSMT_FAST,Bhandup,11:30,THURSDAY,CLEAR,LOW
CSMT_SLOW,Thane,23:30,FRIDAY,CLEAR,HIGH
CSMT_FAST,Thane,19:15,SUNDAY,RAIN,HIGH
CSMT_SLOW,Nerul,18:30,SUNDAY,CLEAR,HIGH
CSMT_FAST,Bandra,08:15,SATURDAY,RAIN,HIGH
CSMT_SLOW,Nerul,15:00,MONDAY,CLOUDY,MEDIUM
CSMT_FAST,Bandra,18:45,WEDNESDAY,CLEAR,HIGH
CSMT_SLOW,Andheri,15:00,WEDNESDAY,RAIN,MEDIUM
CSMT_SLOW,Virar,10:30,THURSDAY,RAIN,LOW
CSMT_SLOW,Bandra,09:45,TUESDAY,CLEAR,HIGH
CSMT_FAST,Byculla,14:45,TUESDAY,CLOUDY,MEDIUM
CSMT_SLOW,Nerul,17:15,TUESDAY,CLEAR,HIGH
CSMT_FAST,Andheri,07:45,MONDAY,CLEAR,HIGH
CSMT_SLOW,Vikhroli,14:00,MONDAY,RAIN,HIGH
CSMT_FAST,Panvel,18:30,WEDNESDAY,CLOUDY,HIGH
CSMT_FAST,Bhandup,20:30,WEDNESDAY,CLEAR,MEDIUM
CSMT_FAST,Thane,07:30,SUNDAY,CLOUDY,HIGH
CSMT_SLOW,Panvel,22:45,SATURDAY,RAIN,LOW
CSMT_FAST,Byculla,16:00,THURSDAY,CLEAR,HIGH
CSMT_FAST,Thane,10:30,THURSDAY,CLOUDY,LOW
CSMT_FAST,Nerul,06:00,WEDNESDAY,CLEAR,LOW
CSMT_FAST,Mulund,18:30,SUNDAY,CLEAR,HIGH
CSMT_SLOW,CSMT,06:30,SUNDAY,RAIN,LOW
CSMT_SLOW,Virar,18:45,TUESDAY,CLOUDY,HIGH
CSMT_SLOW,Borivali,17:00,TUESDAY,CLOUDY,HIGH
CSMT_SLOW,CSMT,05:15,FRIDAY,CLEAR,LOW
CSMT_SLOW,Andheri,17:00,WEDNESDAY,CLEAR,HIGH
CSMT_SLOW,Bandra,08:30,WEDNESDAY,CLOUDY,HIGH
CSMT_FAST,Byculla,07:30,WEDNESDAY,CLEAR,HIGH
CSMT_FAST,Kalyan,13:30,SUNDAY,CLEAR,LOW
CSMT_FAST,Kurla,11:30,WEDNESDAY,RAIN,HIGH
CSMT_SLOW,Ghatkopar,08:15,TUESDAY,CLOUDY,HIGH
CSMT_SLOW,Panvel,19:30,MONDAY,CLOUDY,HIGH
CSMT_SLOW,Bandra,05:30,THURSDAY,RAIN,LOW
CSMT_SLOW,Panvel,23:45,TUESDAY,CLEAR,HIGH
CSMT_SLOW,CSMT,13:30,SATURDAY,CLEAR,LOW
CSMT_FAST,Nerul,12:15,SUNDAY,CLOUDY,LOW
CSMT_SLOW,Nerul,07:00,FRIDAY,CLEAR,HIGH
CSMT_SLOW,Vashi,05:45,TUESDAY,CLEAR,LOW
CSMT_SLOW,CSMT,16:30,SUNDAY,RAIN,LOW
CSMT_SLOW,Dadar,21:45,WEDNESDAY,CLEAR,HIGH
CSMT_SLOW,Bandra,15:30,MONDAY,CLEAR,LOW
CSMT_FAST,CSMT,06:00,FRIDAY,CLEAR,MEDIUM
CSMT_SLOW,Mulund,05:30,FRIDAY,RAIN,LOW
CSMT_FAST,Borivali,09:00,WEDNESDAY,RAIN,HIGH
CSMT_FAST,Bandra,15:00,THURSDAY,CLEAR,HIGH
CSMT_SLOW,Andheri,15:45,TUESDAY,RAIN,MEDIUM
CSMT_SLOW,Nerul,08:15,THURSDAY,CLOUDY,HIGH
CSMT_FAST,Bhandup,11:15,MONDAY,CLEAR,MEDIUM
CSMT_FAST,Dadar,14:00,SUNDAY,CLEAR,LOW
CSMT_SLOW,Thane,17:15,FRIDAY,CLEAR,HIGH
CSMT_FAST,Virar,21:15,FRIDAY,CLEAR,LOW
CSMT_FAST,Vashi,22:00,TUESDAY,CLOUDY,LOW
CSMT_SLOW,Vashi,11:15,SUNDAY,CLOUDY,LOW
CSMT_FAST,Andheri,14:00,TUESDAY,RAIN,HIGH
CSMT_FAST,Bhandup,15:30,MONDAY,CLOUDY,LOW
CSMT_FAST,Mulund,12:30,FRIDAY,RAIN,HIGH
CSMT_FAST,Panvel,21:15,TUESDAY,CLOUDY,MEDIUM
CSMT_SLOW,Vashi,11:15,SUNDAY,CLEAR,LOW
CSMT_FAST,Thane,16:30,SATURDAY,CLOUDY,LOW
CSMT_SLOW,Kurla,08:00,SATURDAY,CLOUDY,HIGH
CSMT_FAST,Bhandup,21:30,TUESDAY,CLOUDY,HIGH
CSMT_SLOW,Vikhroli,17:30,MONDAY,CLEAR,HIGH
CSMT_SLOW,Kurla,09:15,FRIDAY,RAIN,HIGH
CSMT_FAST,Bandra,19:00,WEDNESDAY,RAIN,HIGH
CSMT_SLOW,Dombivli,17:00,SATURDAY,CLOUDY,HIGH
CSMT_SLOW,Virar,23:00,SATURDAY,CLOUDY,LOW
CSMT_FAST,Kanjurmarg,16:15,TUESDAY,CLEAR,MEDIUM
CSMT_FAST,Bhandup,10:45,MONDAY,CLEAR,MEDIUM
CSMT_SLOW,Vikhroli,16:45,THURSDAY,RAIN,MEDIUM
CSMT_FAST,Kanjurmarg,21:15,WEDNESDAY,CLEAR,LOW
CSMT_FAST,Andheri,10:45,SATURDAY,CLOUDY,LOW
CSMT_SLOW,Andheri,15:45,FRIDAY,CLEAR,LOW
CSMT_SLOW,Virar,16:00,THURSDAY,CLEAR,MEDIUM
CSMT_FAST,Nerul,12:15,SUNDAY,CLOUDY,LOW
CSMT_FAST,Bandra,15:00,WEDNESDAY,CLOUDY,LOW
CSMT_FAST,Ghatkopar,22:15,MONDAY,RAIN,LOW
CSMT_SLOW,Vikhroli,06:00,FRIDAY,CLOUDY,LOW
CSMT_FAST,Thane,15:15,TUESDAY,CLOUDY,HIGH
CSMT_FAST,Vikhroli,14:30,WEDNESDAY,CLOUDY,HIGH
CSMT_SLOW,Kurla,08:15,TUESDAY,RAIN,HIGH
CSMT_SLOW,Bhandup,07:15,WEDNESDAY,RAIN,HIGH
CSMT_SLOW,Mulund,11:45,SUNDAY,RAIN,LOW
CSMT_FAST,CSMT,05:30,MONDAY,RAIN,HIGH
CSMT_SLOW,Bandra,14:15,MONDAY,RAIN,HIGH
CSMT_FAST,Andheri,21:15,MONDAY,CLEAR,LOW
CSMT_FAST,Thane,06:00,SUNDAY,CLEAR,LOW
CSMT_SLOW,Bhandup,13:00,SATURDAY,CLOUDY,LOW
CSMT_FAST,Panvel,17:00,TUESDAY,CLEAR,HIGH
CSMT_SLOW,Mulund,23:30,MONDAY,CLOUDY,LOW
CSMT_SLOW,Vikhroli,19:45,TUESDAY,RAIN,HIGH
CSMT_SLOW,Andheri,13:45,THURSDAY,CLEAR,MEDIUM
CSMT_FAST,Vikhroli,11:30,SATURDAY,CLEAR,LOW
CSMT_SLOW,Virar,05:45,THURSDAY,RAIN,MEDIUM
CSMT_SLOW,Kanjurmarg,17:15,TUESDAY,RAIN,HIGH
CSMT_SLOW,Mulund,18:00,MONDAY,CLOUDY,HIGH
CSMT_FAST,Kurla,16:30,MONDAY,CLEAR,LOW
CSMT_FAST,Thane,16:45,SUNDAY,RAIN,LOW
CSMT_SLOW,Dombivli,19:00,WEDNESDAY,RAIN,HIGH
CSMT_FAST,Kurla,22:30,SATURDAY,CLOUDY,LOW
CSMT_SLOW,Bhandup,14:45,SUNDAY,RAIN,LOW
CSMT_FAST,Mulund,17:30,TUESDAY,CLOUDY,HIGH
CSMT_SLOW,Panvel,21:00,THURSDAY,CLOUDY,MEDIUM
CSMT_FAST,Thane,17:15,SUNDAY,CLEAR,HIGH
CSMT_FAST,Bandra,09:45,SUNDAY,RAIN,HIGH
CSMT_FAST,Dombivli,13:15,THURSDAY,RAIN,MEDIUM
CSMT_SLOW,Virar,05:30,MONDAY,CLOUDY,HIGH
CSMT_SLOW,Byculla,14:45,MONDAY,CLOUDY,MEDIUM
CSMT_SLOW,Nerul,21:00,THURSDAY,CLOUDY,HIGH
CSMT_SLOW,Panvel,20:45,THURSDAY,RAIN,LOW
CSMT_SLOW,Nerul,20:30,THURSDAY,CLOUDY,HIGH
CSMT_SLOW,Vashi,19:15,FRIDAY,CLEAR,HIGH
CSMT_SLOW,Kurla,08:15,FRIDAY,CLOUDY,HIGH
CSMT_FAST,Kanjurmarg,14:30,THURSDAY,CLOUDY,LOW
CSMT_FAST,Bhandup,23:45,TUESDAY,RAIN,LOW
CSMT_SLOW,Panvel,17:30,TUESDAY,CLOUDY,HIGH
CSMT_FAST,Mulund,22:15,SATURDAY,RAIN,LOW
CSMT_FAST,Andheri,07:30,WEDNESDAY,RAIN,HIGH
CSMT_SLOW,CSMT,13:30,FRIDAY,CLOUDY,LOW
CSMT_FAST,Kalyan,18:15,MONDAY,CLEAR,HIGH
CSMT_FAST,Kanjurmarg,19:00,MONDAY,CLEAR,HIGH
CSMT_SLOW,Mulund,20:15,SATURDAY,CLEAR,LOW
CSMT_FAST,Dombivli,12:45,TUESDAY,CLEAR,LOW
CSMT_FAST,Vikhroli,08:15,FRIDAY,RAIN,HIGH
CSMT_FAST,Mulund,15:45,FRIDAY,CLOUDY,MEDIUM
CSMT_FAST,Andheri,07:45,FRIDAY,CLEAR,HIGH
CSMT_FAST,Kurla,23:30,SATURDAY,RAIN,LOW
CSMT_FAST,Vikhroli,07:00,FRIDAY,CLOUDY,HIGH
CSMT_FAST,Bandra,07:45,FRIDAY,CLEAR,HIGH
CSMT_FAST,Byculla,14:30,FRIDAY,RAIN,MEDIUM
CSMT_FAST,Dadar,15:30,MONDAY,RAIN,MEDIUM
CSMT_FAST,Kurla,22:15,MONDAY,CLOUDY,HIGH
CSMT_SLOW,Nerul,14:45,TUESDAY,CLEAR,HIGH
CSMT_FAST,Andheri,11:15,FRIDAY,CLOUDY,LOW
CSMT_SLOW,Kanjurmarg,13:15,FRIDAY,CLEAR,HIGH
CSMT_SLOW,Kalyan,07:30,TUESDAY,CLOUDY,HIGH
CSMT_FAST,Virar,07:15,THURSDAY,CLEAR,HIGH
CSMT_SLOW,Dombivli,10:45,THURSDAY,CLEAR,HIGH
CSMT_FAST,Kalyan,12:45,THURSDAY,CLOUDY,HIGH
CSMT_FAST,Kalyan,17:45,MONDAY,CLOUDY,HIGH
CSMT_FAST,CSMT,18:15,TUESDAY,CLOUDY,HIGH
CSMT_SLOW,Kalyan,21:00,TUESDAY,CLEAR,LOW
CSMT_FAST,Vikhroli,18:30,FRIDAY,CLEAR,HIGH
CSMT_FAST,Panvel,07:00,FRIDAY,CLEAR,HIGH
CSMT_SLOW,Ghatkopar,14:45,MONDAY,CLEAR,LOW
CSMT_SLOW,Kanjurmarg,18:00,MONDAY,RAIN,HIGH
CSMT_SLOW,Kalyan,05:30,TUESDAY,CLOUDY,HIGH
CSMT_SLOW,Thane,08:15,SUNDAY,CLEAR,HIGH
CSMT_FAST,Dombivli,10:15,MONDAY,RAIN,HIGH
CSMT_SLOW,Virar,22:15,THURSDAY,CLOUDY,LOW
CSMT_FAST,CSMT,22:00,SATURDAY,RAIN,LOW
CSMT_FAST,Kalyan,11:30,WEDNESDAY,CLOUDY,LOW
CSMT_FAST,Kalyan,20:15,THURSDAY,RAIN,MEDIUM
CSMT_FAST,Dombivli,19:30,THURSDAY,CLOUDY,HIGH
CSMT_FAST,Kurla,21:00,MONDAY,CLEAR,LOW
CSMT_SLOW,CSMT,15:15,SUNDAY,CLOUDY,LOW
CSMT_FAST,Byculla,08:30,THURSDAY,CLOUDY,HIGH
CSMT_SLOW,Dombivli,12:15,MONDAY,CLEAR,LOW
CSMT_FAST,Vashi,07:30,TUESDAY,RAIN,HIGH
CSMT_SLOW,Andheri,22:30,SUNDAY,RAIN,LOW
CSMT_FAST,Vashi,07:00,WEDNESDAY,CLOUDY,HIGH
CSMT_SLOW,Dadar,12:15,FRIDAY,CLEAR,HIGH
CSMT_SLOW,Kanjurmarg,23:45,MONDAY,RAIN,HIGH
CSMT_SLOW,Panvel,14:15,FRIDAY,CLOUDY,LOW
CSMT_SLOW,Kalyan,22:00,MONDAY,CLOUDY,LOW
CSMT_SLOW,Ghatkopar,19:45,SATURDAY,CLOUDY,HIGH
CSMT_SLOW,Dadar,11:00,SUNDAY,CLEAR,LOW
CSMT_FAST,Mulund,15:15,SATURDAY,RAIN,LOW
CSMT_FAST,Panvel,14:45,THURSDAY,CLEAR,HIGH
CSMT_FAST,Bhandup,14:45,SATURDAY,RAIN,LOW
CSMT_SLOW,Vikhroli,12:00,SUNDAY,RAIN,LOW
CSMT_FAST,Mulund,11:15,THURSDAY,CLOUDY,MEDIUM
CSMT_SLOW,Virar,20:00,SATURDAY,RAIN,LOW
CSMT_FAST,Ghatkopar,08:00,SUNDAY,RAIN,HIGH
CSMT_SLOW,Thane,22:00,WEDNESDAY,CLEAR,MEDIUM
CSMT_SLOW,Kurla,14:45,SATURDAY,CLEAR,LOW
CSMT_SLOW,Nerul,18:15,FRIDAY,CLEAR,HIGH
CSMT_FAST,Virar,20:30,WEDNESDAY,RAIN,LOW
CSMT_SLOW,Vikhroli,12:00,THURSDAY,CLOUDY,LOW
CSMT_SLOW,Vikhroli,13:30,SUNDAY,CLEAR,LOW
CSMT_FAST,CSMT,10:30,TUESDAY,CLOUDY,MEDIUM
CSMT_FAST,Ghatkopar,08:15,TUESDAY,CLOUDY,HIGH
CSMT_FAST,Byculla,07:45,WEDNESDAY,CLEAR,HIGH
CSMT_SLOW,Byculla,21:00,WEDNESDAY,CLEAR,LOW
CSMT_FAST,Kalyan,21:45,MONDAY,CLOUDY,LOW
CSMT_SLOW,Mulund,09:15,SUNDAY,RAIN,HIGH
CSMT_SLOW,Kurla,05:00,TUESDAY,CLEAR,MEDIUM
CSMT_FAST,Vikhroli,08:15,THURSDAY,RAIN,HIGH
CSMT_SLOW,Thane,11:45,FRIDAY,CLOUDY,MEDIUM
CSMT_SLOW,Virar,10:15,FRIDAY,CLEAR,HIGH
CSMT_SLOW,Kalyan,21:30,TUESDAY,CLOUDY,MEDIUM
CSMT_FAST,Ghatkopar,12:15,SUNDAY,RAIN,LOW
CSMT_FAST,Dombivli,06:30,WEDNESDAY,CLOUDY,HIGH
CSMT_FAST,Kanjurmarg,08:45,THURSDAY,RAIN,HIGH
CSMT_FAST,Kanjurmarg,15:45,TUESDAY,CLEAR,HIGH
CSMT_FAST,Borivali,23:30,TUESDAY,CLOUDY,LOW
